2026-03-26 17:08:45.464 [ERROR] Groupe6.save.SaveManager - Fichier de niveau introuvable: /niveaux/levelInexistant123.json
2026-03-26 17:12:01.528 [ERROR] Groupe6.save.SaveManager - Fichier de niveau introuvable: /niveaux/levelInexistant123.json
2026-03-26 17:13:24.168 [ERROR] Groupe6.save.SaveManager - Fichier de niveau introuvable: /niveaux/levelInexistant123.json
2026-03-26 17:20:07.737 [ERROR] Groupe6.save.SaveManager - Fichier de niveau introuvable: /niveaux/levelInexistant123.json
2026-03-26 17:29:10.660 [WARN ] Groupe6.utilz.LangManager - Clé absente : 'app.name' pour la langue 'en'
2026-03-26 17:29:10.663 [WARN ] Groupe6.utilz.LangManager - Clé absente : 'app.name' pour la langue 'en'
2026-03-26 17:29:10.663 [WARN ] Groupe6.utilz.LangManager - Clé absente : 'app.name' pour la langue 'fr'
2026-03-26 17:29:10.663 [WARN ] Groupe6.utilz.LangManager - Clé absente : 'app.name' pour la langue 'en'
2026-03-26 17:29:10.664 [WARN ] Groupe6.utilz.LangManager - Clé absente : 'cle.inexistante.speciale123' pour la langue 'en'
2026-03-26 17:29:10.664 [WARN ] Groupe6.utilz.LangManager - Clé absente : 'app.name' pour la langue 'fr'
2026-03-26 17:29:10.664 [WARN ] Groupe6.utilz.LangManager - Clé absente : 'app.name' pour la langue 'fr'
2026-03-26 17:29:10.664 [WARN ] Groupe6.utilz.LangManager - Clé absente : 'app.name' pour la langue 'fr'
2026-03-26 17:29:10.664 [WARN ] Groupe6.utilz.LangManager - Clé absente : 'app.name' pour la langue 'fr'
2026-03-26 17:29:10.665 [WARN ] Groupe6.utilz.LangManager - Clé absente : 'app.name' pour la langue 'fr'
2026-03-26 17:29:10.665 [WARN ] Groupe6.utilz.LangManager - Clé absente : 'app.name' pour la langue 'fr'
2026-03-26 17:29:10.665 [WARN ] Groupe6.utilz.LangManager - Clé absente : 'app.name' pour la langue 'fr'
2026-03-26 17:29:10.665 [WARN ] Groupe6.utilz.LangManager - Clé absente : 'app.name' pour la langue 'fr'
2026-03-26 17:29:10.665 [WARN ] Groupe6.utilz.LangManager - Clé absente : 'app.name' pour la langue 'fr'
2026-03-26 17:29:10.665 [WARN ] Groupe6.utilz.LangManager - Clé absente : 'app.name' pour la langue 'fr'
2026-03-26 17:29:10.665 [WARN ] Groupe6.utilz.LangManager - Clé absente : 'app.name' pour la langue 'fr'
2026-03-26 17:29:10.665 [WARN ] Groupe6.utilz.LangManager - Clé absente : 'app.name' pour la langue 'fr'
2026-03-26 17:29:10.665 [WARN ] Groupe6.utilz.LangManager - Clé absente : 'app.name' pour la langue 'fr'
2026-03-26 17:29:10.665 [WARN ] Groupe6.utilz.LangManager - Clé absente : 'app.name' pour la langue 'fr'
2026-03-26 17:29:10.665 [WARN ] Groupe6.utilz.LangManager - Clé absente : 'app.name' pour la langue 'fr'
2026-03-26 17:29:10.665 [WARN ] Groupe6.utilz.LangManager - Clé absente : 'app.name' pour la langue 'fr'
2026-03-26 17:29:10.665 [WARN ] Groupe6.utilz.LangManager - Clé absente : 'app.name' pour la langue 'fr'
2026-03-26 17:29:10.665 [WARN ] Groupe6.utilz.LangManager - Clé absente : 'app.name' pour la langue 'fr'
2026-03-26 17:29:10.665 [WARN ] Groupe6.utilz.LangManager - Clé absente : 'app.name' pour la langue 'fr'
2026-03-26 17:29:10.665 [WARN ] Groupe6.utilz.LangManager - Clé absente : 'app.name' pour la langue 'fr'
2026-03-26 17:29:10.665 [WARN ] Groupe6.utilz.LangManager - Clé absente : 'app.name' pour la langue 'fr'
2026-03-26 17:29:10.666 [WARN ] Groupe6.utilz.LangManager - Clé absente : 'app.name' pour la langue 'fr'
2026-03-26 17:29:10.666 [WARN ] Groupe6.utilz.LangManager - Clé absente : 'app.name' pour la langue 'fr'
2026-03-26 17:29:10.666 [WARN ] Groupe6.utilz.LangManager - Clé absente : 'app.name' pour la langue 'fr'
2026-03-26 17:29:10.666 [WARN ] Groupe6.utilz.LangManager - Clé absente : 'app.name' pour la langue 'fr'
2026-03-26 17:29:10.666 [WARN ] Groupe6.utilz.LangManager - Clé absente : 'app.name' pour la langue 'fr'
2026-03-26 17:29:10.666 [WARN ] Groupe6.utilz.LangManager - Clé absente : 'app.name' pour la langue 'fr'
2026-03-26 17:29:10.666 [WARN ] Groupe6.utilz.LangManager - Clé absente : 'app.name' pour la langue 'fr'
2026-03-26 17:29:10.666 [WARN ] Groupe6.utilz.LangManager - Clé absente : 'app.name' pour la langue 'fr'
2026-03-26 17:29:10.666 [WARN ] Groupe6.utilz.LangManager - Clé absente : 'app.name' pour la langue 'fr'
2026-03-26 17:29:10.666 [WARN ] Groupe6.utilz.LangManager - Clé absente : 'app.name' pour la langue 'fr'
2026-03-26 17:29:10.666 [WARN ] Groupe6.utilz.LangManager - Clé absente : 'app.name' pour la langue 'fr'
2026-03-26 17:29:10.666 [WARN ] Groupe6.utilz.LangManager - Clé absente : 'app.name' pour la langue 'fr'
2026-03-26 17:29:10.666 [WARN ] Groupe6.utilz.LangManager - Clé absente : 'app.name' pour la langue 'fr'
2026-03-26 17:29:10.666 [WARN ] Groupe6.utilz.LangManager - Clé absente : 'app.name' pour la langue 'fr'
2026-03-26 17:29:10.666 [WARN ] Groupe6.utilz.LangManager - Clé absente : 'app.name' pour la langue 'fr'
2026-03-26 17:29:10.666 [WARN ] Groupe6.utilz.LangManager - Clé absente : 'app.name' pour la langue 'fr'
2026-03-26 17:29:10.666 [WARN ] Groupe6.utilz.LangManager - Clé absente : 'app.name' pour la langue 'fr'
2026-03-26 17:29:10.666 [WARN ] Groupe6.utilz.LangManager - Clé absente : 'app.name' pour la langue 'fr'
2026-03-26 17:29:10.666 [WARN ] Groupe6.utilz.LangManager - Clé absente : 'app.name' pour la langue 'fr'
2026-03-26 17:29:10.666 [WARN ] Groupe6.utilz.LangManager - Clé absente : 'app.name' pour la langue 'fr'
2026-03-26 17:29:10.666 [WARN ] Groupe6.utilz.LangManager - Clé absente : 'app.name' pour la langue 'fr'
2026-03-26 17:29:10.666 [WARN ] Groupe6.utilz.LangManager - Clé absente : 'app.name' pour la langue 'fr'
2026-03-26 17:29:10.667 [WARN ] Groupe6.utilz.LangManager - Clé absente : 'app.name' pour la langue 'fr'
2026-03-26 17:29:10.667 [WARN ] Groupe6.utilz.LangManager - Clé absente : 'app.name' pour la langue 'fr'
2026-03-26 17:29:10.667 [WARN ] Groupe6.utilz.LangManager - Clé absente : 'app.name' pour la langue 'fr'
2026-03-26 17:29:10.667 [WARN ] Groupe6.utilz.LangManager - Clé absente : 'app.name' pour la langue 'fr'
2026-03-26 17:29:10.667 [WARN ] Groupe6.utilz.LangManager - Clé absente : 'app.name' pour la langue 'fr'
2026-03-26 17:29:10.667 [WARN ] Groupe6.utilz.LangManager - Clé absente : 'app.name' pour la langue 'fr'
2026-03-26 17:29:10.667 [WARN ] Groupe6.utilz.LangManager - Clé absente : 'app.name' pour la langue 'fr'
2026-03-26 17:29:10.667 [WARN ] Groupe6.utilz.LangManager - Clé absente : 'app.name' pour la langue 'fr'
2026-03-26 17:29:10.667 [WARN ] Groupe6.utilz.LangManager - Clé absente : 'app.name' pour la langue 'fr'
2026-03-26 17:29:10.667 [WARN ] Groupe6.utilz.LangManager - Clé absente : 'app.name' pour la langue 'fr'
2026-03-26 17:29:10.667 [WARN ] Groupe6.utilz.LangManager - Clé absente : 'app.name' pour la langue 'fr'
2026-03-26 17:29:10.667 [WARN ] Groupe6.utilz.LangManager - Clé absente : 'app.name' pour la langue 'fr'
2026-03-26 17:29:10.667 [WARN ] Groupe6.utilz.LangManager - Clé absente : 'app.name' pour la langue 'fr'
2026-03-26 17:29:10.667 [WARN ] Groupe6.utilz.LangManager - Clé absente : 'app.name' pour la langue 'fr'
2026-03-26 17:29:10.667 [WARN ] Groupe6.utilz.LangManager - Clé absente : 'app.name' pour la langue 'fr'
2026-03-26 17:29:10.667 [WARN ] Groupe6.utilz.LangManager - Clé absente : 'app.name' pour la langue 'fr'
2026-03-26 17:29:10.667 [WARN ] Groupe6.utilz.LangManager - Clé absente : 'app.name' pour la langue 'fr'
2026-03-26 17:29:10.667 [WARN ] Groupe6.utilz.LangManager - Clé absente : 'app.name' pour la langue 'fr'
2026-03-26 17:29:10.667 [WARN ] Groupe6.utilz.LangManager - Clé absente : 'app.name' pour la langue 'fr'
2026-03-26 17:29:10.667 [WARN ] Groupe6.utilz.LangManager - Clé absente : 'app.name' pour la langue 'fr'
2026-03-26 17:29:10.667 [WARN ] Groupe6.utilz.LangManager - Clé absente : 'app.name' pour la langue 'fr'
2026-03-26 17:29:10.668 [WARN ] Groupe6.utilz.LangManager - Clé absente : 'app.name' pour la langue 'fr'
2026-03-26 17:29:10.668 [WARN ] Groupe6.utilz.LangManager - Clé absente : 'app.name' pour la langue 'fr'
2026-03-26 17:29:10.668 [WARN ] Groupe6.utilz.LangManager - Clé absente : 'app.name' pour la langue 'fr'
2026-03-26 17:29:10.668 [WARN ] Groupe6.utilz.LangManager - Clé absente : 'app.name' pour la langue 'fr'
2026-03-26 17:29:10.668 [WARN ] Groupe6.utilz.LangManager - Clé absente : 'app.name' pour la langue 'fr'
2026-03-26 17:29:10.668 [WARN ] Groupe6.utilz.LangManager - Clé absente : 'app.name' pour la langue 'fr'
2026-03-26 17:29:10.668 [WARN ] Groupe6.utilz.LangManager - Clé absente : 'app.name' pour la langue 'fr'
2026-03-26 17:29:10.668 [WARN ] Groupe6.utilz.LangManager - Clé absente : 'app.name' pour la langue 'fr'
2026-03-26 17:29:10.668 [WARN ] Groupe6.utilz.LangManager - Clé absente : 'app.name' pour la langue 'fr'
2026-03-26 17:29:10.668 [WARN ] Groupe6.utilz.LangManager - Clé absente : 'app.name' pour la langue 'fr'
2026-03-26 17:29:10.668 [WARN ] Groupe6.utilz.LangManager - Clé absente : 'app.name' pour la langue 'fr'
2026-03-26 17:29:10.668 [WARN ] Groupe6.utilz.LangManager - Clé absente : 'app.name' pour la langue 'fr'
2026-03-26 17:29:10.668 [WARN ] Groupe6.utilz.LangManager - Clé absente : 'app.name' pour la langue 'fr'
2026-03-26 17:29:10.668 [WARN ] Groupe6.utilz.LangManager - Clé absente : 'app.name' pour la langue 'fr'
2026-03-26 17:29:10.668 [WARN ] Groupe6.utilz.LangManager - Clé absente : 'app.name' pour la langue 'fr'
2026-03-26 17:29:10.668 [WARN ] Groupe6.utilz.LangManager - Clé absente : 'app.name' pour la langue 'fr'
2026-03-26 17:29:10.668 [WARN ] Groupe6.utilz.LangManager - Clé absente : 'app.name' pour la langue 'fr'
2026-03-26 17:29:10.668 [WARN ] Groupe6.utilz.LangManager - Clé absente : 'app.name' pour la langue 'fr'
2026-03-26 17:29:10.668 [WARN ] Groupe6.utilz.LangManager - Clé absente : 'app.name' pour la langue 'fr'
2026-03-26 17:29:10.668 [WARN ] Groupe6.utilz.LangManager - Clé absente : 'app.name' pour la langue 'fr'
2026-03-26 17:29:10.668 [WARN ] Groupe6.utilz.LangManager - Clé absente : 'app.name' pour la langue 'fr'
2026-03-26 17:29:10.668 [WARN ] Groupe6.utilz.LangManager - Clé absente : 'app.name' pour la langue 'fr'
2026-03-26 17:29:10.668 [WARN ] Groupe6.utilz.LangManager - Clé absente : 'app.name' pour la langue 'fr'
2026-03-26 17:29:10.669 [WARN ] Groupe6.utilz.LangManager - Clé absente : 'app.name' pour la langue 'fr'
2026-03-26 17:29:10.669 [WARN ] Groupe6.utilz.LangManager - Clé absente : 'app.name' pour la langue 'fr'
2026-03-26 17:29:10.669 [WARN ] Groupe6.utilz.LangManager - Clé absente : 'app.name' pour la langue 'fr'
2026-03-26 17:29:10.669 [WARN ] Groupe6.utilz.LangManager - Clé absente : 'app.name' pour la langue 'fr'
2026-03-26 17:29:10.669 [WARN ] Groupe6.utilz.LangManager - Clé absente : 'app.name' pour la langue 'fr'
2026-03-26 17:29:10.669 [WARN ] Groupe6.utilz.LangManager - Clé absente : 'app.name' pour la langue 'fr'
2026-03-26 17:29:10.669 [WARN ] Groupe6.utilz.LangManager - Clé absente : 'app.name' pour la langue 'fr'
2026-03-26 17:29:10.669 [WARN ] Groupe6.utilz.LangManager - Clé absente : 'app.name' pour la langue 'fr'
2026-03-26 17:29:10.669 [WARN ] Groupe6.utilz.LangManager - Clé absente : 'app.name' pour la langue 'fr'
2026-03-26 17:29:10.669 [WARN ] Groupe6.utilz.LangManager - Clé absente : 'app.name' pour la langue 'fr'
2026-03-26 17:29:10.670 [WARN ] Groupe6.utilz.LangManager - Clé absente : 'app.name' pour la langue 'fr'
2026-03-26 17:29:10.670 [WARN ] Groupe6.utilz.LangManager - Clé absente : 'app.name' pour la langue 'fr'
2026-03-26 17:29:10.670 [WARN ] Groupe6.utilz.LangManager - Clé absente : 'app.name' pour la langue 'fr'
2026-03-26 17:29:10.670 [WARN ] Groupe6.utilz.LangManager - Clé absente : 'app.name' pour la langue 'fr'
2026-03-26 17:29:10.670 [WARN ] Groupe6.utilz.LangManager - Clé absente : 'app.name' pour la langue 'fr'
2026-03-26 17:29:10.670 [WARN ] Groupe6.utilz.LangManager - Clé absente : 'app.name' pour la langue 'fr'
2026-03-26 17:29:10.670 [WARN ] Groupe6.utilz.LangManager - Clé absente : 'app.name' pour la langue 'fr'
2026-03-26 17:29:10.670 [WARN ] Groupe6.utilz.LangManager - Clé absente : 'app.name' pour la langue 'fr'
2026-03-26 17:29:10.670 [WARN ] Groupe6.utilz.LangManager - Clé absente : 'app.name' pour la langue 'fr'
2026-03-26 17:29:10.670 [WARN ] Groupe6.utilz.LangManager - Clé absente : 'app.name' pour la langue 'fr'
2026-03-26 17:29:10.670 [WARN ] Groupe6.utilz.LangManager - Clé absente : 'app.name' pour la langue 'fr'
2026-03-26 17:29:10.670 [WARN ] Groupe6.utilz.LangManager - Clé absente : 'app.name' pour la langue 'fr'
2026-03-26 17:29:10.670 [WARN ] Groupe6.utilz.LangManager - Clé absente : 'app.name' pour la langue 'fr'
2026-03-26 17:29:10.670 [WARN ] Groupe6.utilz.LangManager - Clé absente : 'app.name' pour la langue 'fr'
2026-03-26 17:29:10.670 [WARN ] Groupe6.utilz.LangManager - Clé absente : 'app.name' pour la langue 'fr'
2026-03-26 17:29:10.670 [WARN ] Groupe6.utilz.LangManager - Clé absente : 'app.name' pour la langue 'fr'
2026-03-26 17:29:10.670 [WARN ] Groupe6.utilz.LangManager - Clé absente : 'app.name' pour la langue 'fr'
2026-03-26 17:29:10.670 [WARN ] Groupe6.utilz.LangManager - Clé absente : 'app.name' pour la langue 'fr'
2026-03-26 17:29:10.670 [WARN ] Groupe6.utilz.LangManager - Clé absente : 'app.name' pour la langue 'fr'
2026-03-26 17:29:10.670 [WARN ] Groupe6.utilz.LangManager - Clé absente : 'app.name' pour la langue 'fr'
2026-03-26 17:29:10.670 [WARN ] Groupe6.utilz.LangManager - Clé absente : 'app.name' pour la langue 'fr'
2026-03-26 17:29:10.671 [WARN ] Groupe6.utilz.LangManager - Clé absente : 'app.name' pour la langue 'fr'
2026-03-26 17:29:10.671 [WARN ] Groupe6.utilz.LangManager - Clé absente : 'app.name' pour la langue 'fr'
2026-03-26 17:29:10.671 [WARN ] Groupe6.utilz.LangManager - Clé absente : 'app.name' pour la langue 'fr'
2026-03-26 17:29:10.671 [WARN ] Groupe6.utilz.LangManager - Clé absente : 'app.name' pour la langue 'fr'
2026-03-26 17:29:10.671 [WARN ] Groupe6.utilz.LangManager - Clé absente : 'app.name' pour la langue 'fr'
2026-03-26 17:29:10.671 [WARN ] Groupe6.utilz.LangManager - Clé absente : 'app.name' pour la langue 'fr'
2026-03-26 17:29:10.671 [WARN ] Groupe6.utilz.LangManager - Clé absente : 'app.name' pour la langue 'fr'
2026-03-26 17:29:10.671 [WARN ] Groupe6.utilz.LangManager - Clé absente : 'app.name' pour la langue 'fr'
2026-03-26 17:29:10.671 [WARN ] Groupe6.utilz.LangManager - Clé absente : 'app.name' pour la langue 'fr'
2026-03-26 17:29:10.671 [WARN ] Groupe6.utilz.LangManager - Clé absente : 'app.name' pour la langue 'fr'
2026-03-26 17:29:10.671 [WARN ] Groupe6.utilz.LangManager - Clé absente : 'app.name' pour la langue 'fr'
2026-03-26 17:29:10.671 [WARN ] Groupe6.utilz.LangManager - Clé absente : 'app.name' pour la langue 'fr'
2026-03-26 17:29:10.671 [WARN ] Groupe6.utilz.LangManager - Clé absente : 'app.name' pour la langue 'fr'
2026-03-26 17:29:10.671 [WARN ] Groupe6.utilz.LangManager - Clé absente : 'app.name' pour la langue 'fr'
2026-03-26 17:29:10.671 [WARN ] Groupe6.utilz.LangManager - Clé absente : 'app.name' pour la langue 'fr'
2026-03-26 17:29:10.671 [WARN ] Groupe6.utilz.LangManager - Clé absente : 'app.name' pour la langue 'fr'
2026-03-26 17:29:10.671 [WARN ] Groupe6.utilz.LangManager - Clé absente : 'app.name' pour la langue 'fr'
2026-03-26 17:29:10.671 [WARN ] Groupe6.utilz.LangManager - Clé absente : 'app.name' pour la langue 'fr'
2026-03-26 17:29:10.671 [WARN ] Groupe6.utilz.LangManager - Clé absente : 'app.name' pour la langue 'fr'
2026-03-26 17:29:10.671 [WARN ] Groupe6.utilz.LangManager - Clé absente : 'app.name' pour la langue 'fr'
2026-03-26 17:29:10.671 [WARN ] Groupe6.utilz.LangManager - Clé absente : 'app.name' pour la langue 'fr'
2026-03-26 17:29:10.671 [WARN ] Groupe6.utilz.LangManager - Clé absente : 'app.name' pour la langue 'fr'
2026-03-26 17:29:10.671 [WARN ] Groupe6.utilz.LangManager - Clé absente : 'app.name' pour la langue 'fr'
2026-03-26 17:29:10.672 [WARN ] Groupe6.utilz.LangManager - Clé absente : 'app.name' pour la langue 'fr'
2026-03-26 17:29:10.672 [WARN ] Groupe6.utilz.LangManager - Clé absente : 'app.name' pour la langue 'fr'
2026-03-26 17:29:10.672 [WARN ] Groupe6.utilz.LangManager - Clé absente : 'app.name' pour la langue 'fr'
2026-03-26 17:29:10.672 [WARN ] Groupe6.utilz.LangManager - Clé absente : 'app.name' pour la langue 'fr'
2026-03-26 17:29:10.672 [WARN ] Groupe6.utilz.LangManager - Clé absente : 'app.name' pour la langue 'fr'
2026-03-26 17:29:10.672 [WARN ] Groupe6.utilz.LangManager - Clé absente : 'app.name' pour la langue 'fr'
2026-03-26 17:29:10.672 [WARN ] Groupe6.utilz.LangManager - Clé absente : 'app.name' pour la langue 'fr'
2026-03-26 17:29:10.672 [WARN ] Groupe6.utilz.LangManager - Clé absente : 'app.name' pour la langue 'fr'
2026-03-26 17:29:10.672 [WARN ] Groupe6.utilz.LangManager - Clé absente : 'app.name' pour la langue 'fr'
2026-03-26 17:29:10.672 [WARN ] Groupe6.utilz.LangManager - Clé absente : 'app.name' pour la langue 'fr'
2026-03-26 17:29:10.672 [WARN ] Groupe6.utilz.LangManager - Clé absente : 'app.name' pour la langue 'fr'
2026-03-26 17:29:10.672 [WARN ] Groupe6.utilz.LangManager - Clé absente : 'app.name' pour la langue 'fr'
2026-03-26 17:29:10.672 [WARN ] Groupe6.utilz.LangManager - Clé absente : 'app.name' pour la langue 'fr'
2026-03-26 17:29:10.672 [WARN ] Groupe6.utilz.LangManager - Clé absente : 'app.name' pour la langue 'fr'
2026-03-26 17:29:10.672 [WARN ] Groupe6.utilz.LangManager - Clé absente : 'app.name' pour la langue 'fr'
2026-03-26 17:29:10.672 [WARN ] Groupe6.utilz.LangManager - Clé absente : 'app.name' pour la langue 'fr'
2026-03-26 17:29:10.672 [WARN ] Groupe6.utilz.LangManager - Clé absente : 'app.name' pour la langue 'fr'
2026-03-26 17:29:10.672 [WARN ] Groupe6.utilz.LangManager - Clé absente : 'app.name' pour la langue 'fr'
2026-03-26 17:29:10.672 [WARN ] Groupe6.utilz.LangManager - Clé absente : 'app.name' pour la langue 'fr'
2026-03-26 17:29:10.672 [WARN ] Groupe6.utilz.LangManager - Clé absente : 'app.name' pour la langue 'fr'
2026-03-26 17:29:10.672 [WARN ] Groupe6.utilz.LangManager - Clé absente : 'app.name' pour la langue 'fr'
2026-03-26 17:29:10.672 [WARN ] Groupe6.utilz.LangManager - Clé absente : 'app.name' pour la langue 'fr'
2026-03-26 17:29:10.672 [WARN ] Groupe6.utilz.LangManager - Clé absente : 'app.name' pour la langue 'fr'
2026-03-26 17:29:10.672 [WARN ] Groupe6.utilz.LangManager - Clé absente : 'app.name' pour la langue 'fr'
2026-03-26 17:29:10.672 [WARN ] Groupe6.utilz.LangManager - Clé absente : 'app.name' pour la langue 'fr'
2026-03-26 17:29:10.672 [WARN ] Groupe6.utilz.LangManager - Clé absente : 'app.name' pour la langue 'fr'
2026-03-26 17:29:10.672 [WARN ] Groupe6.utilz.LangManager - Clé absente : 'app.name' pour la langue 'fr'
2026-03-26 17:29:10.672 [WARN ] Groupe6.utilz.LangManager - Clé absente : 'app.name' pour la langue 'fr'
2026-03-26 17:29:10.672 [WARN ] Groupe6.utilz.LangManager - Clé absente : 'app.name' pour la langue 'fr'
2026-03-26 17:29:10.672 [WARN ] Groupe6.utilz.LangManager - Clé absente : 'app.name' pour la langue 'fr'
2026-03-26 17:29:10.672 [WARN ] Groupe6.utilz.LangManager - Clé absente : 'app.name' pour la langue 'fr'
2026-03-26 17:29:10.672 [WARN ] Groupe6.utilz.LangManager - Clé absente : 'app.name' pour la langue 'fr'
2026-03-26 17:29:10.672 [WARN ] Groupe6.utilz.LangManager - Clé absente : 'app.name' pour la langue 'fr'
2026-03-26 17:29:10.672 [WARN ] Groupe6.utilz.LangManager - Clé absente : 'app.name' pour la langue 'fr'
2026-03-26 17:29:10.673 [WARN ] Groupe6.utilz.LangManager - Clé absente : 'app.name' pour la langue 'fr'
2026-03-26 17:29:10.673 [WARN ] Groupe6.utilz.LangManager - Clé absente : 'app.name' pour la langue 'fr'
2026-03-26 17:29:10.673 [WARN ] Groupe6.utilz.LangManager - Clé absente : 'app.name' pour la langue 'fr'
2026-03-26 17:29:10.673 [WARN ] Groupe6.utilz.LangManager - Clé absente : 'app.name' pour la langue 'fr'
2026-03-26 17:29:10.673 [WARN ] Groupe6.utilz.LangManager - Clé absente : 'app.name' pour la langue 'fr'
2026-03-26 17:29:10.673 [WARN ] Groupe6.utilz.LangManager - Clé absente : 'app.name' pour la langue 'fr'
2026-03-26 17:29:10.673 [WARN ] Groupe6.utilz.LangManager - Clé absente : 'app.name' pour la langue 'fr'
2026-03-26 17:29:10.673 [WARN ] Groupe6.utilz.LangManager - Clé absente : 'app.name' pour la langue 'fr'
2026-03-26 17:29:10.673 [WARN ] Groupe6.utilz.LangManager - Clé absente : 'app.name' pour la langue 'fr'
2026-03-26 17:29:10.673 [WARN ] Groupe6.utilz.LangManager - Clé absente : 'app.name' pour la langue 'fr'
2026-03-26 17:29:10.673 [WARN ] Groupe6.utilz.LangManager - Clé absente : 'app.name' pour la langue 'fr'
2026-03-26 17:29:10.673 [WARN ] Groupe6.utilz.LangManager - Clé absente : 'app.name' pour la langue 'fr'
2026-03-26 17:29:10.673 [WARN ] Groupe6.utilz.LangManager - Clé absente : 'app.name' pour la langue 'fr'
2026-03-26 17:29:10.673 [WARN ] Groupe6.utilz.LangManager - Clé absente : 'app.name' pour la langue 'fr'
2026-03-26 17:29:10.673 [WARN ] Groupe6.utilz.LangManager - Clé absente : 'app.name' pour la langue 'fr'
2026-03-26 17:29:10.673 [WARN ] Groupe6.utilz.LangManager - Clé absente : 'app.name' pour la langue 'fr'
2026-03-26 17:29:10.674 [WARN ] Groupe6.utilz.LangManager - Clé absente : 'app.name' pour la langue 'fr'
2026-03-26 17:29:10.674 [WARN ] Groupe6.utilz.LangManager - Clé absente : 'app.name' pour la langue 'fr'
2026-03-26 17:29:10.674 [WARN ] Groupe6.utilz.LangManager - Clé absente : 'app.name' pour la langue 'fr'
2026-03-26 17:29:10.674 [WARN ] Groupe6.utilz.LangManager - Clé absente : 'app.name' pour la langue 'fr'
2026-03-26 17:29:10.674 [WARN ] Groupe6.utilz.LangManager - Clé absente : 'app.name' pour la langue 'fr'
2026-03-26 17:29:10.674 [WARN ] Groupe6.utilz.LangManager - Clé absente : 'app.name' pour la langue 'fr'
2026-03-26 17:29:10.674 [WARN ] Groupe6.utilz.LangManager - Clé absente : 'app.name' pour la langue 'fr'
2026-03-26 17:29:10.674 [WARN ] Groupe6.utilz.LangManager - Clé absente : 'app.name' pour la langue 'fr'
2026-03-26 17:29:10.674 [WARN ] Groupe6.utilz.LangManager - Clé absente : 'app.name' pour la langue 'fr'
2026-03-26 17:29:10.674 [WARN ] Groupe6.utilz.LangManager - Clé absente : 'app.name' pour la langue 'fr'
2026-03-26 17:29:10.674 [WARN ] Groupe6.utilz.LangManager - Clé absente : 'app.name' pour la langue 'fr'
2026-03-26 17:29:10.674 [WARN ] Groupe6.utilz.LangManager - Clé absente : 'app.name' pour la langue 'fr'
2026-03-26 17:29:10.674 [WARN ] Groupe6.utilz.LangManager - Clé absente : 'app.name' pour la langue 'fr'
2026-03-26 17:29:10.674 [WARN ] Groupe6.utilz.LangManager - Clé absente : 'app.name' pour la langue 'fr'
2026-03-26 17:29:10.674 [WARN ] Groupe6.utilz.LangManager - Clé absente : 'app.name' pour la langue 'fr'
2026-03-26 17:29:10.674 [WARN ] Groupe6.utilz.LangManager - Clé absente : 'app.name' pour la langue 'fr'
2026-03-26 17:29:10.674 [WARN ] Groupe6.utilz.LangManager - Clé absente : 'app.name' pour la langue 'fr'
2026-03-26 17:29:10.674 [WARN ] Groupe6.utilz.LangManager - Clé absente : 'app.name' pour la langue 'fr'
2026-03-26 17:29:10.674 [WARN ] Groupe6.utilz.LangManager - Clé absente : 'app.name' pour la langue 'fr'
2026-03-26 17:29:10.674 [WARN ] Groupe6.utilz.LangManager - Clé absente : 'app.name' pour la langue 'fr'
2026-03-26 17:29:10.674 [WARN ] Groupe6.utilz.LangManager - Clé absente : 'app.name' pour la langue 'fr'
2026-03-26 17:29:10.674 [WARN ] Groupe6.utilz.LangManager - Clé absente : 'app.name' pour la langue 'fr'
2026-03-26 17:29:10.674 [WARN ] Groupe6.utilz.LangManager - Clé absente : 'app.name' pour la langue 'fr'
2026-03-26 17:29:10.674 [WARN ] Groupe6.utilz.LangManager - Clé absente : 'app.name' pour la langue 'fr'
2026-03-26 17:29:10.674 [WARN ] Groupe6.utilz.LangManager - Clé absente : 'app.name' pour la langue 'fr'
2026-03-26 17:29:10.674 [WARN ] Groupe6.utilz.LangManager - Clé absente : 'app.name' pour la langue 'fr'
2026-03-26 17:29:10.674 [WARN ] Groupe6.utilz.LangManager - Clé absente : 'app.name' pour la langue 'fr'
2026-03-26 17:29:10.674 [WARN ] Groupe6.utilz.LangManager - Clé absente : 'app.name' pour la langue 'fr'
2026-03-26 17:29:10.674 [WARN ] Groupe6.utilz.LangManager - Clé absente : 'app.name' pour la langue 'fr'
2026-03-26 17:29:10.674 [WARN ] Groupe6.utilz.LangManager - Clé absente : 'app.name' pour la langue 'fr'
2026-03-26 17:29:10.674 [WARN ] Groupe6.utilz.LangManager - Clé absente : 'app.name' pour la langue 'fr'
2026-03-26 17:29:10.674 [WARN ] Groupe6.utilz.LangManager - Clé absente : 'app.name' pour la langue 'fr'
2026-03-26 17:29:10.674 [WARN ] Groupe6.utilz.LangManager - Clé absente : 'app.name' pour la langue 'fr'
2026-03-26 17:29:10.674 [WARN ] Groupe6.utilz.LangManager - Clé absente : 'app.name' pour la langue 'fr'
2026-03-26 17:29:10.674 [WARN ] Groupe6.utilz.LangManager - Clé absente : 'app.name' pour la langue 'fr'
2026-03-26 17:29:10.674 [WARN ] Groupe6.utilz.LangManager - Clé absente : 'app.name' pour la langue 'fr'
2026-03-26 17:29:10.674 [WARN ] Groupe6.utilz.LangManager - Clé absente : 'app.name' pour la langue 'fr'
2026-03-26 17:29:10.675 [WARN ] Groupe6.utilz.LangManager - Clé absente : 'app.name' pour la langue 'fr'
2026-03-26 17:29:10.675 [WARN ] Groupe6.utilz.LangManager - Clé absente : 'app.name' pour la langue 'fr'
2026-03-26 17:29:10.675 [WARN ] Groupe6.utilz.LangManager - Clé absente : 'app.name' pour la langue 'fr'
2026-03-26 17:29:10.675 [WARN ] Groupe6.utilz.LangManager - Clé absente : 'app.name' pour la langue 'fr'
2026-03-26 17:29:10.675 [WARN ] Groupe6.utilz.LangManager - Clé absente : 'app.name' pour la langue 'fr'
2026-03-26 17:29:10.675 [WARN ] Groupe6.utilz.LangManager - Clé absente : 'app.name' pour la langue 'fr'
2026-03-26 17:29:10.675 [WARN ] Groupe6.utilz.LangManager - Clé absente : 'app.name' pour la langue 'fr'
2026-03-26 17:29:10.675 [WARN ] Groupe6.utilz.LangManager - Clé absente : 'app.name' pour la langue 'fr'
2026-03-26 17:29:10.675 [WARN ] Groupe6.utilz.LangManager - Clé absente : 'app.name' pour la langue 'fr'
2026-03-26 17:29:10.675 [WARN ] Groupe6.utilz.LangManager - Clé absente : 'app.name' pour la langue 'fr'
2026-03-26 17:29:10.675 [WARN ] Groupe6.utilz.LangManager - Clé absente : 'app.name' pour la langue 'fr'
2026-03-26 17:29:10.675 [WARN ] Groupe6.utilz.LangManager - Clé absente : 'app.name' pour la langue 'fr'
2026-03-26 17:29:10.675 [WARN ] Groupe6.utilz.LangManager - Clé absente : 'app.name' pour la langue 'fr'
2026-03-26 17:29:10.675 [WARN ] Groupe6.utilz.LangManager - Clé absente : 'app.name' pour la langue 'fr'
2026-03-26 17:29:10.675 [WARN ] Groupe6.utilz.LangManager - Clé absente : 'app.name' pour la langue 'fr'
2026-03-26 17:29:10.675 [WARN ] Groupe6.utilz.LangManager - Clé absente : 'app.name' pour la langue 'fr'
2026-03-26 17:29:10.675 [WARN ] Groupe6.utilz.LangManager - Clé absente : 'app.name' pour la langue 'fr'
2026-03-26 17:29:10.675 [WARN ] Groupe6.utilz.LangManager - Clé absente : 'app.name' pour la langue 'fr'
2026-03-26 17:29:10.675 [WARN ] Groupe6.utilz.LangManager - Clé absente : 'app.name' pour la langue 'fr'
2026-03-26 17:29:10.675 [WARN ] Groupe6.utilz.LangManager - Clé absente : 'app.name' pour la langue 'fr'
2026-03-26 17:29:10.675 [WARN ] Groupe6.utilz.LangManager - Clé absente : 'app.name' pour la langue 'fr'
2026-03-26 17:29:10.675 [WARN ] Groupe6.utilz.LangManager - Clé absente : 'app.name' pour la langue 'fr'
2026-03-26 17:29:10.675 [WARN ] Groupe6.utilz.LangManager - Clé absente : 'app.name' pour la langue 'fr'
2026-03-26 17:29:10.676 [WARN ] Groupe6.utilz.LangManager - Clé absente : 'app.name' pour la langue 'fr'
2026-03-26 17:29:10.676 [WARN ] Groupe6.utilz.LangManager - Clé absente : 'app.name' pour la langue 'fr'
2026-03-26 17:29:10.676 [WARN ] Groupe6.utilz.LangManager - Clé absente : 'app.name' pour la langue 'fr'
2026-03-26 17:29:10.676 [WARN ] Groupe6.utilz.LangManager - Clé absente : 'app.name' pour la langue 'fr'
2026-03-26 17:29:10.676 [WARN ] Groupe6.utilz.LangManager - Clé absente : 'app.name' pour la langue 'fr'
2026-03-26 17:29:10.676 [WARN ] Groupe6.utilz.LangManager - Clé absente : 'app.name' pour la langue 'fr'
2026-03-26 17:29:10.676 [WARN ] Groupe6.utilz.LangManager - Clé absente : 'app.name' pour la langue 'fr'
2026-03-26 17:29:10.676 [WARN ] Groupe6.utilz.LangManager - Clé absente : 'app.name' pour la langue 'fr'
2026-03-26 17:29:10.676 [WARN ] Groupe6.utilz.LangManager - Clé absente : 'app.name' pour la langue 'fr'
2026-03-26 17:29:10.676 [WARN ] Groupe6.utilz.LangManager - Clé absente : 'app.name' pour la langue 'fr'
2026-03-26 17:29:10.676 [WARN ] Groupe6.utilz.LangManager - Clé absente : 'app.name' pour la langue 'fr'
2026-03-26 17:29:10.676 [WARN ] Groupe6.utilz.LangManager - Clé absente : 'app.name' pour la langue 'fr'
2026-03-26 17:29:10.676 [WARN ] Groupe6.utilz.LangManager - Clé absente : 'app.name' pour la langue 'fr'
2026-03-26 17:29:10.676 [WARN ] Groupe6.utilz.LangManager - Clé absente : 'app.name' pour la langue 'fr'
2026-03-26 17:29:10.676 [WARN ] Groupe6.utilz.LangManager - Clé absente : 'app.name' pour la langue 'fr'
2026-03-26 17:29:10.676 [WARN ] Groupe6.utilz.LangManager - Clé absente : 'app.name' pour la langue 'fr'
2026-03-26 17:29:10.676 [WARN ] Groupe6.utilz.LangManager - Clé absente : 'app.name' pour la langue 'fr'
2026-03-26 17:29:10.676 [WARN ] Groupe6.utilz.LangManager - Clé absente : 'app.name' pour la langue 'fr'
2026-03-26 17:29:10.676 [WARN ] Groupe6.utilz.LangManager - Clé absente : 'app.name' pour la langue 'fr'
2026-03-26 17:29:10.676 [WARN ] Groupe6.utilz.LangManager - Clé absente : 'app.name' pour la langue 'fr'
2026-03-26 17:29:10.676 [WARN ] Groupe6.utilz.LangManager - Clé absente : 'app.name' pour la langue 'fr'
2026-03-26 17:29:10.676 [WARN ] Groupe6.utilz.LangManager - Clé absente : 'app.name' pour la langue 'fr'
2026-03-26 17:29:10.676 [WARN ] Groupe6.utilz.LangManager - Clé absente : 'app.name' pour la langue 'fr'
2026-03-26 17:29:10.676 [WARN ] Groupe6.utilz.LangManager - Clé absente : 'app.name' pour la langue 'fr'
2026-03-26 17:29:10.676 [WARN ] Groupe6.utilz.LangManager - Clé absente : 'app.name' pour la langue 'fr'
2026-03-26 17:29:10.676 [WARN ] Groupe6.utilz.LangManager - Clé absente : 'app.name' pour la langue 'fr'
2026-03-26 17:29:10.676 [WARN ] Groupe6.utilz.LangManager - Clé absente : 'app.name' pour la langue 'fr'
2026-03-26 17:29:10.676 [WARN ] Groupe6.utilz.LangManager - Clé absente : 'app.name' pour la langue 'fr'
2026-03-26 17:29:10.676 [WARN ] Groupe6.utilz.LangManager - Clé absente : 'app.name' pour la langue 'fr'
2026-03-26 17:29:10.676 [WARN ] Groupe6.utilz.LangManager - Clé absente : 'app.name' pour la langue 'fr'
2026-03-26 17:29:10.676 [WARN ] Groupe6.utilz.LangManager - Clé absente : 'app.name' pour la langue 'fr'
2026-03-26 17:29:10.676 [WARN ] Groupe6.utilz.LangManager - Clé absente : 'app.name' pour la langue 'fr'
2026-03-26 17:29:10.676 [WARN ] Groupe6.utilz.LangManager - Clé absente : 'app.name' pour la langue 'fr'
2026-03-26 17:29:10.676 [WARN ] Groupe6.utilz.LangManager - Clé absente : 'app.name' pour la langue 'fr'
2026-03-26 17:29:10.676 [WARN ] Groupe6.utilz.LangManager - Clé absente : 'app.name' pour la langue 'fr'
2026-03-26 17:29:10.676 [WARN ] Groupe6.utilz.LangManager - Clé absente : 'app.name' pour la langue 'fr'
2026-03-26 17:29:10.676 [WARN ] Groupe6.utilz.LangManager - Clé absente : 'app.name' pour la langue 'fr'
2026-03-26 17:29:10.676 [WARN ] Groupe6.utilz.LangManager - Clé absente : 'app.name' pour la langue 'fr'
2026-03-26 17:29:10.676 [WARN ] Groupe6.utilz.LangManager - Clé absente : 'app.name' pour la langue 'fr'
2026-03-26 17:29:10.676 [WARN ] Groupe6.utilz.LangManager - Clé absente : 'app.name' pour la langue 'fr'
2026-03-26 17:29:10.676 [WARN ] Groupe6.utilz.LangManager - Clé absente : 'app.name' pour la langue 'fr'
2026-03-26 17:29:10.676 [WARN ] Groupe6.utilz.LangManager - Clé absente : 'app.name' pour la langue 'fr'
2026-03-26 17:29:10.676 [WARN ] Groupe6.utilz.LangManager - Clé absente : 'app.name' pour la langue 'fr'
2026-03-26 17:29:10.676 [WARN ] Groupe6.utilz.LangManager - Clé absente : 'app.name' pour la langue 'fr'
2026-03-26 17:29:10.676 [WARN ] Groupe6.utilz.LangManager - Clé absente : 'app.name' pour la langue 'fr'
2026-03-26 17:29:10.676 [WARN ] Groupe6.utilz.LangManager - Clé absente : 'app.name' pour la langue 'fr'
2026-03-26 17:29:10.676 [WARN ] Groupe6.utilz.LangManager - Clé absente : 'app.name' pour la langue 'fr'
2026-03-26 17:29:10.676 [WARN ] Groupe6.utilz.LangManager - Clé absente : 'app.name' pour la langue 'fr'
2026-03-26 17:29:10.676 [WARN ] Groupe6.utilz.LangManager - Clé absente : 'app.name' pour la langue 'fr'
2026-03-26 17:29:10.676 [WARN ] Groupe6.utilz.LangManager - Clé absente : 'app.name' pour la langue 'fr'
2026-03-26 17:29:10.676 [WARN ] Groupe6.utilz.LangManager - Clé absente : 'app.name' pour la langue 'fr'
2026-03-26 17:29:10.676 [WARN ] Groupe6.utilz.LangManager - Clé absente : 'app.name' pour la langue 'fr'
2026-03-26 17:29:10.676 [WARN ] Groupe6.utilz.LangManager - Clé absente : 'app.name' pour la langue 'fr'
2026-03-26 17:29:10.676 [WARN ] Groupe6.utilz.LangManager - Clé absente : 'app.name' pour la langue 'fr'
2026-03-26 17:29:10.676 [WARN ] Groupe6.utilz.LangManager - Clé absente : 'app.name' pour la langue 'fr'
2026-03-26 17:29:10.677 [WARN ] Groupe6.utilz.LangManager - Clé absente : 'app.name' pour la langue 'fr'
2026-03-26 17:29:10.677 [WARN ] Groupe6.utilz.LangManager - Clé absente : 'app.name' pour la langue 'fr'
2026-03-26 17:29:10.677 [WARN ] Groupe6.utilz.LangManager - Clé absente : 'app.name' pour la langue 'fr'
2026-03-26 17:29:10.677 [WARN ] Groupe6.utilz.LangManager - Clé absente : 'app.name' pour la langue 'fr'
2026-03-26 17:29:10.677 [WARN ] Groupe6.utilz.LangManager - Clé absente : 'app.name' pour la langue 'fr'
2026-03-26 17:29:10.677 [WARN ] Groupe6.utilz.LangManager - Clé absente : 'app.name' pour la langue 'fr'
2026-03-26 17:29:10.677 [WARN ] Groupe6.utilz.LangManager - Clé absente : 'app.name' pour la langue 'fr'
2026-03-26 17:29:10.677 [WARN ] Groupe6.utilz.LangManager - Clé absente : 'app.name' pour la langue 'fr'
2026-03-26 17:29:10.677 [WARN ] Groupe6.utilz.LangManager - Clé absente : 'app.name' pour la langue 'fr'
2026-03-26 17:29:10.677 [WARN ] Groupe6.utilz.LangManager - Clé absente : 'app.name' pour la langue 'fr'
2026-03-26 17:29:10.677 [WARN ] Groupe6.utilz.LangManager - Clé absente : 'app.name' pour la langue 'fr'
2026-03-26 17:29:10.677 [WARN ] Groupe6.utilz.LangManager - Clé absente : 'app.name' pour la langue 'fr'
2026-03-26 17:29:10.677 [WARN ] Groupe6.utilz.LangManager - Clé absente : 'app.name' pour la langue 'fr'
2026-03-26 17:29:10.678 [WARN ] Groupe6.utilz.LangManager - Clé absente : 'app.name' pour la langue 'fr'
2026-03-26 17:29:10.678 [WARN ] Groupe6.utilz.LangManager - Clé absente : 'app.name' pour la langue 'fr'
2026-03-26 17:29:10.678 [WARN ] Groupe6.utilz.LangManager - Clé absente : 'app.name' pour la langue 'fr'
2026-03-26 17:29:10.678 [WARN ] Groupe6.utilz.LangManager - Clé absente : 'app.name' pour la langue 'fr'
2026-03-26 17:29:10.678 [WARN ] Groupe6.utilz.LangManager - Clé absente : 'app.name' pour la langue 'fr'
2026-03-26 17:29:10.678 [WARN ] Groupe6.utilz.LangManager - Clé absente : 'app.name' pour la langue 'fr'
2026-03-26 17:29:10.678 [WARN ] Groupe6.utilz.LangManager - Clé absente : 'app.name' pour la langue 'fr'
2026-03-26 17:29:10.678 [WARN ] Groupe6.utilz.LangManager - Clé absente : 'app.name' pour la langue 'fr'
2026-03-26 17:29:10.678 [WARN ] Groupe6.utilz.LangManager - Clé absente : 'app.name' pour la langue 'fr'
2026-03-26 17:29:10.678 [WARN ] Groupe6.utilz.LangManager - Clé absente : 'app.name' pour la langue 'fr'
2026-03-26 17:29:10.678 [WARN ] Groupe6.utilz.LangManager - Clé absente : 'app.name' pour la langue 'fr'
2026-03-26 17:29:10.678 [WARN ] Groupe6.utilz.LangManager - Clé absente : 'app.name' pour la langue 'fr'
2026-03-26 17:29:10.678 [WARN ] Groupe6.utilz.LangManager - Clé absente : 'app.name' pour la langue 'fr'
2026-03-26 17:29:10.678 [WARN ] Groupe6.utilz.LangManager - Clé absente : 'app.name' pour la langue 'fr'
2026-03-26 17:29:10.679 [WARN ] Groupe6.utilz.LangManager - Clé absente : 'app.name' pour la langue 'fr'
2026-03-26 17:29:10.679 [WARN ] Groupe6.utilz.LangManager - Clé absente : 'app.name' pour la langue 'fr'
2026-03-26 17:29:10.679 [WARN ] Groupe6.utilz.LangManager - Clé absente : 'app.name' pour la langue 'fr'
2026-03-26 17:29:10.679 [WARN ] Groupe6.utilz.LangManager - Clé absente : 'app.name' pour la langue 'fr'
2026-03-26 17:29:10.679 [WARN ] Groupe6.utilz.LangManager - Clé absente : 'app.name' pour la langue 'fr'
2026-03-26 17:29:10.679 [WARN ] Groupe6.utilz.LangManager - Clé absente : 'app.name' pour la langue 'fr'
2026-03-26 17:29:10.679 [WARN ] Groupe6.utilz.LangManager - Clé absente : 'app.name' pour la langue 'fr'
2026-03-26 17:29:10.679 [WARN ] Groupe6.utilz.LangManager - Clé absente : 'app.name' pour la langue 'fr'
2026-03-26 17:29:10.679 [WARN ] Groupe6.utilz.LangManager - Clé absente : 'app.name' pour la langue 'fr'
2026-03-26 17:29:10.679 [WARN ] Groupe6.utilz.LangManager - Clé absente : 'app.name' pour la langue 'fr'
2026-03-26 17:29:10.679 [WARN ] Groupe6.utilz.LangManager - Clé absente : 'app.name' pour la langue 'fr'
2026-03-26 17:29:10.679 [WARN ] Groupe6.utilz.LangManager - Clé absente : 'app.name' pour la langue 'fr'
2026-03-26 17:29:10.679 [WARN ] Groupe6.utilz.LangManager - Clé absente : 'app.name' pour la langue 'fr'
2026-03-26 17:29:10.679 [WARN ] Groupe6.utilz.LangManager - Clé absente : 'app.name' pour la langue 'fr'
2026-03-26 17:29:10.679 [WARN ] Groupe6.utilz.LangManager - Clé absente : 'app.name' pour la langue 'fr'
2026-03-26 17:29:10.679 [WARN ] Groupe6.utilz.LangManager - Clé absente : 'app.name' pour la langue 'fr'
2026-03-26 17:29:10.679 [WARN ] Groupe6.utilz.LangManager - Clé absente : 'app.name' pour la langue 'fr'
2026-03-26 17:29:10.679 [WARN ] Groupe6.utilz.LangManager - Clé absente : 'app.name' pour la langue 'fr'
2026-03-26 17:29:10.679 [WARN ] Groupe6.utilz.LangManager - Clé absente : 'app.name' pour la langue 'fr'
2026-03-26 17:29:10.679 [WARN ] Groupe6.utilz.LangManager - Clé absente : 'app.name' pour la langue 'fr'
2026-03-26 17:29:10.679 [WARN ] Groupe6.utilz.LangManager - Clé absente : 'app.name' pour la langue 'fr'
2026-03-26 17:29:10.679 [WARN ] Groupe6.utilz.LangManager - Clé absente : 'app.name' pour la langue 'fr'
2026-03-26 17:29:10.679 [WARN ] Groupe6.utilz.LangManager - Clé absente : 'app.name' pour la langue 'fr'
2026-03-26 17:29:10.679 [WARN ] Groupe6.utilz.LangManager - Clé absente : 'app.name' pour la langue 'fr'
2026-03-26 17:29:10.679 [WARN ] Groupe6.utilz.LangManager - Clé absente : 'app.name' pour la langue 'fr'
2026-03-26 17:29:10.679 [WARN ] Groupe6.utilz.LangManager - Clé absente : 'app.name' pour la langue 'fr'
2026-03-26 17:29:10.679 [WARN ] Groupe6.utilz.LangManager - Clé absente : 'app.name' pour la langue 'fr'
2026-03-26 17:29:10.679 [WARN ] Groupe6.utilz.LangManager - Clé absente : 'app.name' pour la langue 'fr'
2026-03-26 17:29:10.679 [WARN ] Groupe6.utilz.LangManager - Clé absente : 'app.name' pour la langue 'fr'
2026-03-26 17:29:10.679 [WARN ] Groupe6.utilz.LangManager - Clé absente : 'app.name' pour la langue 'fr'
2026-03-26 17:29:10.679 [WARN ] Groupe6.utilz.LangManager - Clé absente : 'app.name' pour la langue 'fr'
2026-03-26 17:29:10.679 [WARN ] Groupe6.utilz.LangManager - Clé absente : 'app.name' pour la langue 'fr'
2026-03-26 17:29:10.679 [WARN ] Groupe6.utilz.LangManager - Clé absente : 'app.name' pour la langue 'fr'
2026-03-26 17:29:10.680 [WARN ] Groupe6.utilz.LangManager - Clé absente : 'app.name' pour la langue 'fr'
2026-03-26 17:29:10.680 [WARN ] Groupe6.utilz.LangManager - Clé absente : 'app.name' pour la langue 'fr'
2026-03-26 17:29:10.680 [WARN ] Groupe6.utilz.LangManager - Clé absente : 'app.name' pour la langue 'fr'
2026-03-26 17:29:10.680 [WARN ] Groupe6.utilz.LangManager - Clé absente : 'app.name' pour la langue 'fr'
2026-03-26 17:29:10.680 [WARN ] Groupe6.utilz.LangManager - Clé absente : 'app.name' pour la langue 'fr'
2026-03-26 17:29:10.680 [WARN ] Groupe6.utilz.LangManager - Clé absente : 'app.name' pour la langue 'fr'
2026-03-26 17:29:10.680 [WARN ] Groupe6.utilz.LangManager - Clé absente : 'app.name' pour la langue 'fr'
2026-03-26 17:29:10.680 [WARN ] Groupe6.utilz.LangManager - Clé absente : 'app.name' pour la langue 'fr'
2026-03-26 17:29:10.680 [WARN ] Groupe6.utilz.LangManager - Clé absente : 'app.name' pour la langue 'fr'
2026-03-26 17:29:10.680 [WARN ] Groupe6.utilz.LangManager - Clé absente : 'app.name' pour la langue 'fr'
2026-03-26 17:29:10.680 [WARN ] Groupe6.utilz.LangManager - Clé absente : 'app.name' pour la langue 'fr'
2026-03-26 17:29:10.680 [WARN ] Groupe6.utilz.LangManager - Clé absente : 'app.name' pour la langue 'fr'
2026-03-26 17:29:10.680 [WARN ] Groupe6.utilz.LangManager - Clé absente : 'app.name' pour la langue 'fr'
2026-03-26 17:29:10.680 [WARN ] Groupe6.utilz.LangManager - Clé absente : 'app.name' pour la langue 'fr'
2026-03-26 17:29:10.680 [WARN ] Groupe6.utilz.LangManager - Clé absente : 'app.name' pour la langue 'fr'
2026-03-26 17:29:10.680 [WARN ] Groupe6.utilz.LangManager - Clé absente : 'app.name' pour la langue 'fr'
2026-03-26 17:29:10.680 [WARN ] Groupe6.utilz.LangManager - Clé absente : 'app.name' pour la langue 'fr'
2026-03-26 17:29:10.680 [WARN ] Groupe6.utilz.LangManager - Clé absente : 'app.name' pour la langue 'fr'
2026-03-26 17:29:10.680 [WARN ] Groupe6.utilz.LangManager - Clé absente : 'app.name' pour la langue 'fr'
2026-03-26 17:29:10.680 [WARN ] Groupe6.utilz.LangManager - Clé absente : 'app.name' pour la langue 'fr'
2026-03-26 17:29:10.680 [WARN ] Groupe6.utilz.LangManager - Clé absente : 'app.name' pour la langue 'fr'
2026-03-26 17:29:10.680 [WARN ] Groupe6.utilz.LangManager - Clé absente : 'app.name' pour la langue 'fr'
2026-03-26 17:29:10.680 [WARN ] Groupe6.utilz.LangManager - Clé absente : 'app.name' pour la langue 'fr'
2026-03-26 17:29:10.680 [WARN ] Groupe6.utilz.LangManager - Clé absente : 'app.name' pour la langue 'fr'
2026-03-26 17:29:10.681 [WARN ] Groupe6.utilz.LangManager - Clé absente : 'app.name' pour la langue 'fr'
2026-03-26 17:29:10.681 [WARN ] Groupe6.utilz.LangManager - Clé absente : 'app.name' pour la langue 'fr'
2026-03-26 17:29:10.681 [WARN ] Groupe6.utilz.LangManager - Clé absente : 'app.name' pour la langue 'fr'
2026-03-26 17:29:10.681 [WARN ] Groupe6.utilz.LangManager - Clé absente : 'app.name' pour la langue 'fr'
2026-03-26 17:29:10.681 [WARN ] Groupe6.utilz.LangManager - Clé absente : 'app.name' pour la langue 'fr'
2026-03-26 17:29:10.681 [WARN ] Groupe6.utilz.LangManager - Clé absente : 'app.name' pour la langue 'fr'
2026-03-26 17:29:10.681 [WARN ] Groupe6.utilz.LangManager - Clé absente : 'app.name' pour la langue 'fr'
2026-03-26 17:29:10.681 [WARN ] Groupe6.utilz.LangManager - Clé absente : 'app.name' pour la langue 'fr'
2026-03-26 17:29:10.681 [WARN ] Groupe6.utilz.LangManager - Clé absente : 'app.name' pour la langue 'fr'
2026-03-26 17:29:10.681 [WARN ] Groupe6.utilz.LangManager - Clé absente : 'app.name' pour la langue 'fr'
2026-03-26 17:29:10.681 [WARN ] Groupe6.utilz.LangManager - Clé absente : 'app.name' pour la langue 'fr'
2026-03-26 17:29:10.681 [WARN ] Groupe6.utilz.LangManager - Clé absente : 'app.name' pour la langue 'fr'
2026-03-26 17:29:10.681 [WARN ] Groupe6.utilz.LangManager - Clé absente : 'app.name' pour la langue 'fr'
2026-03-26 17:29:10.681 [WARN ] Groupe6.utilz.LangManager - Clé absente : 'app.name' pour la langue 'fr'
2026-03-26 17:29:10.681 [WARN ] Groupe6.utilz.LangManager - Clé absente : 'app.name' pour la langue 'fr'
2026-03-26 17:29:10.681 [WARN ] Groupe6.utilz.LangManager - Clé absente : 'app.name' pour la langue 'fr'
2026-03-26 17:29:10.681 [WARN ] Groupe6.utilz.LangManager - Clé absente : 'app.name' pour la langue 'fr'
2026-03-26 17:29:10.681 [WARN ] Groupe6.utilz.LangManager - Clé absente : 'app.name' pour la langue 'fr'
2026-03-26 17:29:10.681 [WARN ] Groupe6.utilz.LangManager - Clé absente : 'app.name' pour la langue 'fr'
2026-03-26 17:29:10.681 [WARN ] Groupe6.utilz.LangManager - Clé absente : 'app.name' pour la langue 'fr'
2026-03-26 17:29:10.681 [WARN ] Groupe6.utilz.LangManager - Clé absente : 'app.name' pour la langue 'fr'
2026-03-26 17:29:10.681 [WARN ] Groupe6.utilz.LangManager - Clé absente : 'app.name' pour la langue 'fr'
2026-03-26 17:29:10.681 [WARN ] Groupe6.utilz.LangManager - Clé absente : 'app.name' pour la langue 'fr'
2026-03-26 17:29:10.681 [WARN ] Groupe6.utilz.LangManager - Clé absente : 'app.name' pour la langue 'fr'
2026-03-26 17:29:10.681 [WARN ] Groupe6.utilz.LangManager - Clé absente : 'app.name' pour la langue 'fr'
2026-03-26 17:29:10.681 [WARN ] Groupe6.utilz.LangManager - Clé absente : 'app.name' pour la langue 'fr'
2026-03-26 17:29:10.681 [WARN ] Groupe6.utilz.LangManager - Clé absente : 'app.name' pour la langue 'fr'
2026-03-26 17:29:10.681 [WARN ] Groupe6.utilz.LangManager - Clé absente : 'app.name' pour la langue 'fr'
2026-03-26 17:29:10.681 [WARN ] Groupe6.utilz.LangManager - Clé absente : 'app.name' pour la langue 'fr'
2026-03-26 17:29:10.681 [WARN ] Groupe6.utilz.LangManager - Clé absente : 'app.name' pour la langue 'fr'
2026-03-26 17:29:10.681 [WARN ] Groupe6.utilz.LangManager - Clé absente : 'app.name' pour la langue 'fr'
2026-03-26 17:29:10.682 [WARN ] Groupe6.utilz.LangManager - Clé absente : 'app.name' pour la langue 'fr'
2026-03-26 17:29:10.682 [WARN ] Groupe6.utilz.LangManager - Clé absente : 'app.name' pour la langue 'fr'
2026-03-26 17:29:10.682 [WARN ] Groupe6.utilz.LangManager - Clé absente : 'app.name' pour la langue 'fr'
2026-03-26 17:29:10.682 [WARN ] Groupe6.utilz.LangManager - Clé absente : 'app.name' pour la langue 'fr'
2026-03-26 17:29:10.682 [WARN ] Groupe6.utilz.LangManager - Clé absente : 'app.name' pour la langue 'fr'
2026-03-26 17:29:10.682 [WARN ] Groupe6.utilz.LangManager - Clé absente : 'app.name' pour la langue 'fr'
2026-03-26 17:29:10.682 [WARN ] Groupe6.utilz.LangManager - Clé absente : 'app.name' pour la langue 'fr'
2026-03-26 17:29:10.682 [WARN ] Groupe6.utilz.LangManager - Clé absente : 'app.name' pour la langue 'fr'
2026-03-26 17:29:10.682 [WARN ] Groupe6.utilz.LangManager - Clé absente : 'app.name' pour la langue 'fr'
2026-03-26 17:29:10.682 [WARN ] Groupe6.utilz.LangManager - Clé absente : 'app.name' pour la langue 'fr'
2026-03-26 17:29:10.682 [WARN ] Groupe6.utilz.LangManager - Clé absente : 'app.name' pour la langue 'fr'
2026-03-26 17:29:10.682 [WARN ] Groupe6.utilz.LangManager - Clé absente : 'app.name' pour la langue 'fr'
2026-03-26 17:29:10.682 [WARN ] Groupe6.utilz.LangManager - Clé absente : 'app.name' pour la langue 'fr'
2026-03-26 17:29:10.682 [WARN ] Groupe6.utilz.LangManager - Clé absente : 'app.name' pour la langue 'fr'
2026-03-26 17:29:10.682 [WARN ] Groupe6.utilz.LangManager - Clé absente : 'app.name' pour la langue 'fr'
2026-03-26 17:29:10.682 [WARN ] Groupe6.utilz.LangManager - Clé absente : 'app.name' pour la langue 'fr'
2026-03-26 17:29:10.682 [WARN ] Groupe6.utilz.LangManager - Clé absente : 'app.name' pour la langue 'fr'
2026-03-26 17:29:10.682 [WARN ] Groupe6.utilz.LangManager - Clé absente : 'app.name' pour la langue 'fr'
2026-03-26 17:29:10.682 [WARN ] Groupe6.utilz.LangManager - Clé absente : 'app.name' pour la langue 'fr'
2026-03-26 17:29:10.682 [WARN ] Groupe6.utilz.LangManager - Clé absente : 'app.name' pour la langue 'fr'
2026-03-26 17:29:10.682 [WARN ] Groupe6.utilz.LangManager - Clé absente : 'app.name' pour la langue 'fr'
2026-03-26 17:29:10.682 [WARN ] Groupe6.utilz.LangManager - Clé absente : 'app.name' pour la langue 'fr'
2026-03-26 17:29:10.682 [WARN ] Groupe6.utilz.LangManager - Clé absente : 'app.name' pour la langue 'fr'
2026-03-26 17:29:10.682 [WARN ] Groupe6.utilz.LangManager - Clé absente : 'app.name' pour la langue 'fr'
2026-03-26 17:29:10.682 [WARN ] Groupe6.utilz.LangManager - Clé absente : 'app.name' pour la langue 'fr'
2026-03-26 17:29:10.682 [WARN ] Groupe6.utilz.LangManager - Clé absente : 'app.name' pour la langue 'fr'
2026-03-26 17:29:10.682 [WARN ] Groupe6.utilz.LangManager - Clé absente : 'app.name' pour la langue 'fr'
2026-03-26 17:29:10.682 [WARN ] Groupe6.utilz.LangManager - Clé absente : 'app.name' pour la langue 'fr'
2026-03-26 17:29:10.682 [WARN ] Groupe6.utilz.LangManager - Clé absente : 'app.name' pour la langue 'fr'
2026-03-26 17:29:10.682 [WARN ] Groupe6.utilz.LangManager - Clé absente : 'app.name' pour la langue 'fr'
2026-03-26 17:29:10.682 [WARN ] Groupe6.utilz.LangManager - Clé absente : 'app.name' pour la langue 'fr'
2026-03-26 17:29:10.682 [WARN ] Groupe6.utilz.LangManager - Clé absente : 'app.name' pour la langue 'fr'
2026-03-26 17:29:10.682 [WARN ] Groupe6.utilz.LangManager - Clé absente : 'app.name' pour la langue 'fr'
2026-03-26 17:29:10.683 [WARN ] Groupe6.utilz.LangManager - Clé absente : 'app.name' pour la langue 'fr'
2026-03-26 17:29:10.683 [WARN ] Groupe6.utilz.LangManager - Clé absente : 'app.name' pour la langue 'fr'
2026-03-26 17:29:10.683 [WARN ] Groupe6.utilz.LangManager - Clé absente : 'app.name' pour la langue 'fr'
2026-03-26 17:29:10.683 [WARN ] Groupe6.utilz.LangManager - Clé absente : 'app.name' pour la langue 'fr'
2026-03-26 17:29:10.683 [WARN ] Groupe6.utilz.LangManager - Clé absente : 'app.name' pour la langue 'fr'
2026-03-26 17:29:10.683 [WARN ] Groupe6.utilz.LangManager - Clé absente : 'app.name' pour la langue 'fr'
2026-03-26 17:29:10.683 [WARN ] Groupe6.utilz.LangManager - Clé absente : 'app.name' pour la langue 'fr'
2026-03-26 17:29:10.683 [WARN ] Groupe6.utilz.LangManager - Clé absente : 'app.name' pour la langue 'fr'
2026-03-26 17:29:10.683 [WARN ] Groupe6.utilz.LangManager - Clé absente : 'app.name' pour la langue 'fr'
2026-03-26 17:29:10.683 [WARN ] Groupe6.utilz.LangManager - Clé absente : 'app.name' pour la langue 'fr'
2026-03-26 17:29:10.683 [WARN ] Groupe6.utilz.LangManager - Clé absente : 'app.name' pour la langue 'fr'
2026-03-26 17:29:10.683 [WARN ] Groupe6.utilz.LangManager - Clé absente : 'app.name' pour la langue 'fr'
2026-03-26 17:29:10.683 [WARN ] Groupe6.utilz.LangManager - Clé absente : 'app.name' pour la langue 'fr'
2026-03-26 17:29:10.683 [WARN ] Groupe6.utilz.LangManager - Clé absente : 'app.name' pour la langue 'fr'
2026-03-26 17:29:10.683 [WARN ] Groupe6.utilz.LangManager - Clé absente : 'app.name' pour la langue 'fr'
2026-03-26 17:29:10.683 [WARN ] Groupe6.utilz.LangManager - Clé absente : 'app.name' pour la langue 'fr'
2026-03-26 17:29:10.683 [WARN ] Groupe6.utilz.LangManager - Clé absente : 'app.name' pour la langue 'fr'
2026-03-26 17:29:10.683 [WARN ] Groupe6.utilz.LangManager - Clé absente : 'app.name' pour la langue 'fr'
2026-03-26 17:29:10.684 [WARN ] Groupe6.utilz.LangManager - Clé absente : 'app.name' pour la langue 'fr'
2026-03-26 17:29:10.684 [WARN ] Groupe6.utilz.LangManager - Clé absente : 'app.name' pour la langue 'fr'
2026-03-26 17:29:10.684 [WARN ] Groupe6.utilz.LangManager - Clé absente : 'app.name' pour la langue 'fr'
2026-03-26 17:29:10.684 [WARN ] Groupe6.utilz.LangManager - Clé absente : 'app.name' pour la langue 'fr'
2026-03-26 17:29:10.684 [WARN ] Groupe6.utilz.LangManager - Clé absente : 'app.name' pour la langue 'fr'
2026-03-26 17:29:10.684 [WARN ] Groupe6.utilz.LangManager - Clé absente : 'app.name' pour la langue 'fr'
2026-03-26 17:29:10.684 [WARN ] Groupe6.utilz.LangManager - Clé absente : 'app.name' pour la langue 'fr'
2026-03-26 17:29:10.684 [WARN ] Groupe6.utilz.LangManager - Clé absente : 'app.name' pour la langue 'fr'
2026-03-26 17:29:10.684 [WARN ] Groupe6.utilz.LangManager - Clé absente : 'app.name' pour la langue 'fr'
2026-03-26 17:29:10.684 [WARN ] Groupe6.utilz.LangManager - Clé absente : 'app.name' pour la langue 'fr'
2026-03-26 17:29:10.684 [WARN ] Groupe6.utilz.LangManager - Clé absente : 'app.name' pour la langue 'fr'
2026-03-26 17:29:10.684 [WARN ] Groupe6.utilz.LangManager - Clé absente : 'app.name' pour la langue 'fr'
2026-03-26 17:29:10.684 [WARN ] Groupe6.utilz.LangManager - Clé absente : 'app.name' pour la langue 'fr'
2026-03-26 17:29:10.684 [WARN ] Groupe6.utilz.LangManager - Clé absente : 'app.name' pour la langue 'fr'
2026-03-26 17:29:10.684 [WARN ] Groupe6.utilz.LangManager - Clé absente : 'app.name' pour la langue 'fr'
2026-03-26 17:29:10.684 [WARN ] Groupe6.utilz.LangManager - Clé absente : 'app.name' pour la langue 'fr'
2026-03-26 17:29:10.684 [WARN ] Groupe6.utilz.LangManager - Clé absente : 'app.name' pour la langue 'fr'
2026-03-26 17:29:10.684 [WARN ] Groupe6.utilz.LangManager - Clé absente : 'app.name' pour la langue 'fr'
2026-03-26 17:29:10.684 [WARN ] Groupe6.utilz.LangManager - Clé absente : 'app.name' pour la langue 'fr'
2026-03-26 17:29:10.684 [WARN ] Groupe6.utilz.LangManager - Clé absente : 'app.name' pour la langue 'fr'
2026-03-26 17:29:10.684 [WARN ] Groupe6.utilz.LangManager - Clé absente : 'app.name' pour la langue 'fr'
2026-03-26 17:29:10.684 [WARN ] Groupe6.utilz.LangManager - Clé absente : 'app.name' pour la langue 'fr'
2026-03-26 17:29:10.684 [WARN ] Groupe6.utilz.LangManager - Clé absente : 'app.name' pour la langue 'fr'
2026-03-26 17:29:10.684 [WARN ] Groupe6.utilz.LangManager - Clé absente : 'app.name' pour la langue 'fr'
2026-03-26 17:29:10.684 [WARN ] Groupe6.utilz.LangManager - Clé absente : 'app.name' pour la langue 'fr'
2026-03-26 17:29:10.684 [WARN ] Groupe6.utilz.LangManager - Clé absente : 'app.name' pour la langue 'fr'
2026-03-26 17:29:10.684 [WARN ] Groupe6.utilz.LangManager - Clé absente : 'app.name' pour la langue 'fr'
2026-03-26 17:29:10.684 [WARN ] Groupe6.utilz.LangManager - Clé absente : 'app.name' pour la langue 'fr'
2026-03-26 17:29:10.684 [WARN ] Groupe6.utilz.LangManager - Clé absente : 'app.name' pour la langue 'fr'
2026-03-26 17:29:10.685 [WARN ] Groupe6.utilz.LangManager - Clé absente : 'app.name' pour la langue 'fr'
2026-03-26 17:29:10.685 [WARN ] Groupe6.utilz.LangManager - Clé absente : 'app.name' pour la langue 'fr'
2026-03-26 17:29:10.685 [WARN ] Groupe6.utilz.LangManager - Clé absente : 'app.name' pour la langue 'fr'
2026-03-26 17:29:10.685 [WARN ] Groupe6.utilz.LangManager - Clé absente : 'app.name' pour la langue 'fr'
2026-03-26 17:29:10.685 [WARN ] Groupe6.utilz.LangManager - Clé absente : 'app.name' pour la langue 'fr'
2026-03-26 17:29:10.685 [WARN ] Groupe6.utilz.LangManager - Clé absente : 'app.name' pour la langue 'fr'
2026-03-26 17:29:10.685 [WARN ] Groupe6.utilz.LangManager - Clé absente : 'app.name' pour la langue 'fr'
2026-03-26 17:29:10.685 [WARN ] Groupe6.utilz.LangManager - Clé absente : 'app.name' pour la langue 'fr'
2026-03-26 17:29:10.685 [WARN ] Groupe6.utilz.LangManager - Clé absente : 'app.name' pour la langue 'fr'
2026-03-26 17:29:10.685 [WARN ] Groupe6.utilz.LangManager - Clé absente : 'app.name' pour la langue 'fr'
2026-03-26 17:29:10.685 [WARN ] Groupe6.utilz.LangManager - Clé absente : 'app.name' pour la langue 'fr'
2026-03-26 17:29:10.685 [WARN ] Groupe6.utilz.LangManager - Clé absente : 'app.name' pour la langue 'fr'
2026-03-26 17:29:10.685 [WARN ] Groupe6.utilz.LangManager - Clé absente : 'app.name' pour la langue 'fr'
2026-03-26 17:29:10.685 [WARN ] Groupe6.utilz.LangManager - Clé absente : 'app.name' pour la langue 'fr'
2026-03-26 17:29:10.685 [WARN ] Groupe6.utilz.LangManager - Clé absente : 'app.name' pour la langue 'fr'
2026-03-26 17:29:10.685 [WARN ] Groupe6.utilz.LangManager - Clé absente : 'app.name' pour la langue 'fr'
2026-03-26 17:29:10.685 [WARN ] Groupe6.utilz.LangManager - Clé absente : 'app.name' pour la langue 'fr'
2026-03-26 17:29:10.685 [WARN ] Groupe6.utilz.LangManager - Clé absente : 'app.name' pour la langue 'fr'
2026-03-26 17:29:10.685 [WARN ] Groupe6.utilz.LangManager - Clé absente : 'app.name' pour la langue 'fr'
2026-03-26 17:29:10.685 [WARN ] Groupe6.utilz.LangManager - Clé absente : 'app.name' pour la langue 'fr'
2026-03-26 17:29:10.685 [WARN ] Groupe6.utilz.LangManager - Clé absente : 'app.name' pour la langue 'fr'
2026-03-26 17:29:10.685 [WARN ] Groupe6.utilz.LangManager - Clé absente : 'app.name' pour la langue 'fr'
2026-03-26 17:29:10.685 [WARN ] Groupe6.utilz.LangManager - Clé absente : 'app.name' pour la langue 'fr'
2026-03-26 17:29:10.685 [WARN ] Groupe6.utilz.LangManager - Clé absente : 'app.name' pour la langue 'fr'
2026-03-26 17:29:10.685 [WARN ] Groupe6.utilz.LangManager - Clé absente : 'app.name' pour la langue 'fr'
2026-03-26 17:29:10.685 [WARN ] Groupe6.utilz.LangManager - Clé absente : 'app.name' pour la langue 'fr'
2026-03-26 17:29:10.685 [WARN ] Groupe6.utilz.LangManager - Clé absente : 'app.name' pour la langue 'fr'
2026-03-26 17:29:10.685 [WARN ] Groupe6.utilz.LangManager - Clé absente : 'app.name' pour la langue 'fr'
2026-03-26 17:29:10.685 [WARN ] Groupe6.utilz.LangManager - Clé absente : 'app.name' pour la langue 'fr'
2026-03-26 17:29:10.685 [WARN ] Groupe6.utilz.LangManager - Clé absente : 'app.name' pour la langue 'fr'
2026-03-26 17:29:10.685 [WARN ] Groupe6.utilz.LangManager - Clé absente : 'app.name' pour la langue 'fr'
2026-03-26 17:29:10.685 [WARN ] Groupe6.utilz.LangManager - Clé absente : 'app.name' pour la langue 'fr'
2026-03-26 17:29:10.685 [WARN ] Groupe6.utilz.LangManager - Clé absente : 'app.name' pour la langue 'fr'
2026-03-26 17:29:10.685 [WARN ] Groupe6.utilz.LangManager - Clé absente : 'app.name' pour la langue 'fr'
2026-03-26 17:29:10.686 [WARN ] Groupe6.utilz.LangManager - Clé absente : 'app.name' pour la langue 'fr'
2026-03-26 17:29:10.686 [WARN ] Groupe6.utilz.LangManager - Clé absente : 'app.name' pour la langue 'fr'
2026-03-26 17:29:10.686 [WARN ] Groupe6.utilz.LangManager - Clé absente : 'app.name' pour la langue 'fr'
2026-03-26 17:29:10.686 [WARN ] Groupe6.utilz.LangManager - Clé absente : 'app.name' pour la langue 'fr'
2026-03-26 17:29:10.686 [WARN ] Groupe6.utilz.LangManager - Clé absente : 'app.name' pour la langue 'fr'
2026-03-26 17:29:10.686 [WARN ] Groupe6.utilz.LangManager - Clé absente : 'app.name' pour la langue 'fr'
2026-03-26 17:29:10.686 [WARN ] Groupe6.utilz.LangManager - Clé absente : 'app.name' pour la langue 'fr'
2026-03-26 17:29:10.686 [WARN ] Groupe6.utilz.LangManager - Clé absente : 'app.name' pour la langue 'fr'
2026-03-26 17:29:10.686 [WARN ] Groupe6.utilz.LangManager - Clé absente : 'app.name' pour la langue 'fr'
2026-03-26 17:29:10.686 [WARN ] Groupe6.utilz.LangManager - Clé absente : 'app.name' pour la langue 'fr'
2026-03-26 17:29:10.686 [WARN ] Groupe6.utilz.LangManager - Clé absente : 'app.name' pour la langue 'fr'
2026-03-26 17:29:10.686 [WARN ] Groupe6.utilz.LangManager - Clé absente : 'app.name' pour la langue 'fr'
2026-03-26 17:29:10.686 [WARN ] Groupe6.utilz.LangManager - Clé absente : 'app.name' pour la langue 'fr'
2026-03-26 17:29:10.686 [WARN ] Groupe6.utilz.LangManager - Clé absente : 'app.name' pour la langue 'fr'
2026-03-26 17:29:10.686 [WARN ] Groupe6.utilz.LangManager - Clé absente : 'app.name' pour la langue 'fr'
2026-03-26 17:29:10.686 [WARN ] Groupe6.utilz.LangManager - Clé absente : 'app.name' pour la langue 'fr'
2026-03-26 17:29:10.686 [WARN ] Groupe6.utilz.LangManager - Clé absente : 'app.name' pour la langue 'fr'
2026-03-26 17:29:10.686 [WARN ] Groupe6.utilz.LangManager - Clé absente : 'app.name' pour la langue 'fr'
2026-03-26 17:29:10.686 [WARN ] Groupe6.utilz.LangManager - Clé absente : 'app.name' pour la langue 'fr'
2026-03-26 17:29:10.686 [WARN ] Groupe6.utilz.LangManager - Clé absente : 'app.name' pour la langue 'fr'
2026-03-26 17:29:10.686 [WARN ] Groupe6.utilz.LangManager - Clé absente : 'app.name' pour la langue 'fr'
2026-03-26 17:29:10.686 [WARN ] Groupe6.utilz.LangManager - Clé absente : 'app.name' pour la langue 'fr'
2026-03-26 17:29:10.686 [WARN ] Groupe6.utilz.LangManager - Clé absente : 'app.name' pour la langue 'fr'
2026-03-26 17:29:10.686 [WARN ] Groupe6.utilz.LangManager - Clé absente : 'app.name' pour la langue 'fr'
2026-03-26 17:29:10.686 [WARN ] Groupe6.utilz.LangManager - Clé absente : 'app.name' pour la langue 'fr'
2026-03-26 17:29:10.686 [WARN ] Groupe6.utilz.LangManager - Clé absente : 'app.name' pour la langue 'fr'
2026-03-26 17:29:10.686 [WARN ] Groupe6.utilz.LangManager - Clé absente : 'app.name' pour la langue 'fr'
2026-03-26 17:29:10.686 [WARN ] Groupe6.utilz.LangManager - Clé absente : 'app.name' pour la langue 'fr'
2026-03-26 17:29:10.686 [WARN ] Groupe6.utilz.LangManager - Clé absente : 'app.name' pour la langue 'fr'
2026-03-26 17:29:10.686 [WARN ] Groupe6.utilz.LangManager - Clé absente : 'app.name' pour la langue 'fr'
2026-03-26 17:29:10.686 [WARN ] Groupe6.utilz.LangManager - Clé absente : 'app.name' pour la langue 'fr'
2026-03-26 17:29:10.686 [WARN ] Groupe6.utilz.LangManager - Clé absente : 'app.name' pour la langue 'fr'
2026-03-26 17:29:10.686 [WARN ] Groupe6.utilz.LangManager - Clé absente : 'app.name' pour la langue 'fr'
2026-03-26 17:29:10.686 [WARN ] Groupe6.utilz.LangManager - Clé absente : 'app.name' pour la langue 'fr'
2026-03-26 17:29:10.686 [WARN ] Groupe6.utilz.LangManager - Clé absente : 'app.name' pour la langue 'fr'
2026-03-26 17:29:10.686 [WARN ] Groupe6.utilz.LangManager - Clé absente : 'app.name' pour la langue 'fr'
2026-03-26 17:29:10.686 [WARN ] Groupe6.utilz.LangManager - Clé absente : 'app.name' pour la langue 'fr'
2026-03-26 17:29:10.686 [WARN ] Groupe6.utilz.LangManager - Clé absente : 'app.name' pour la langue 'fr'
2026-03-26 17:29:10.686 [WARN ] Groupe6.utilz.LangManager - Clé absente : 'app.name' pour la langue 'fr'
2026-03-26 17:29:10.686 [WARN ] Groupe6.utilz.LangManager - Clé absente : 'app.name' pour la langue 'fr'
2026-03-26 17:29:10.687 [WARN ] Groupe6.utilz.LangManager - Clé absente : 'app.name' pour la langue 'fr'
2026-03-26 17:29:10.687 [WARN ] Groupe6.utilz.LangManager - Clé absente : 'app.name' pour la langue 'fr'
2026-03-26 17:29:10.687 [WARN ] Groupe6.utilz.LangManager - Clé absente : 'app.name' pour la langue 'fr'
2026-03-26 17:29:10.687 [WARN ] Groupe6.utilz.LangManager - Clé absente : 'app.name' pour la langue 'fr'
2026-03-26 17:29:10.687 [WARN ] Groupe6.utilz.LangManager - Clé absente : 'app.name' pour la langue 'fr'
2026-03-26 17:29:10.687 [WARN ] Groupe6.utilz.LangManager - Clé absente : 'app.name' pour la langue 'fr'
2026-03-26 17:29:10.687 [WARN ] Groupe6.utilz.LangManager - Clé absente : 'app.name' pour la langue 'fr'
2026-03-26 17:29:10.687 [WARN ] Groupe6.utilz.LangManager - Clé absente : 'app.name' pour la langue 'fr'
2026-03-26 17:29:10.687 [WARN ] Groupe6.utilz.LangManager - Clé absente : 'app.name' pour la langue 'fr'
2026-03-26 17:29:10.687 [WARN ] Groupe6.utilz.LangManager - Clé absente : 'app.name' pour la langue 'fr'
2026-03-26 17:29:10.687 [WARN ] Groupe6.utilz.LangManager - Clé absente : 'app.name' pour la langue 'fr'
2026-03-26 17:29:10.687 [WARN ] Groupe6.utilz.LangManager - Clé absente : 'app.name' pour la langue 'fr'
2026-03-26 17:29:10.687 [WARN ] Groupe6.utilz.LangManager - Clé absente : 'app.name' pour la langue 'fr'
2026-03-26 17:29:10.687 [WARN ] Groupe6.utilz.LangManager - Clé absente : 'app.name' pour la langue 'fr'
2026-03-26 17:29:10.687 [WARN ] Groupe6.utilz.LangManager - Clé absente : 'app.name' pour la langue 'fr'
2026-03-26 17:29:10.687 [WARN ] Groupe6.utilz.LangManager - Clé absente : 'app.name' pour la langue 'fr'
2026-03-26 17:29:10.687 [WARN ] Groupe6.utilz.LangManager - Clé absente : 'app.name' pour la langue 'fr'
2026-03-26 17:29:10.687 [WARN ] Groupe6.utilz.LangManager - Clé absente : 'app.name' pour la langue 'fr'
2026-03-26 17:29:10.687 [WARN ] Groupe6.utilz.LangManager - Clé absente : 'app.name' pour la langue 'fr'
2026-03-26 17:29:10.687 [WARN ] Groupe6.utilz.LangManager - Clé absente : 'app.name' pour la langue 'fr'
2026-03-26 17:29:10.687 [WARN ] Groupe6.utilz.LangManager - Clé absente : 'app.name' pour la langue 'fr'
2026-03-26 17:29:10.687 [WARN ] Groupe6.utilz.LangManager - Clé absente : 'app.name' pour la langue 'fr'
2026-03-26 17:29:10.687 [WARN ] Groupe6.utilz.LangManager - Clé absente : 'app.name' pour la langue 'fr'
2026-03-26 17:29:10.687 [WARN ] Groupe6.utilz.LangManager - Clé absente : 'app.name' pour la langue 'fr'
2026-03-26 17:29:10.687 [WARN ] Groupe6.utilz.LangManager - Clé absente : 'app.name' pour la langue 'fr'
2026-03-26 17:29:10.687 [WARN ] Groupe6.utilz.LangManager - Clé absente : 'app.name' pour la langue 'fr'
2026-03-26 17:29:10.687 [WARN ] Groupe6.utilz.LangManager - Clé absente : 'app.name' pour la langue 'fr'
2026-03-26 17:29:10.687 [WARN ] Groupe6.utilz.LangManager - Clé absente : 'app.name' pour la langue 'fr'
2026-03-26 17:29:10.687 [WARN ] Groupe6.utilz.LangManager - Clé absente : 'app.name' pour la langue 'fr'
2026-03-26 17:29:10.687 [WARN ] Groupe6.utilz.LangManager - Clé absente : 'app.name' pour la langue 'fr'
2026-03-26 17:29:10.687 [WARN ] Groupe6.utilz.LangManager - Clé absente : 'app.name' pour la langue 'fr'
2026-03-26 17:29:10.687 [WARN ] Groupe6.utilz.LangManager - Clé absente : 'app.name' pour la langue 'fr'
2026-03-26 17:29:10.687 [WARN ] Groupe6.utilz.LangManager - Clé absente : 'app.name' pour la langue 'fr'
2026-03-26 17:29:10.687 [WARN ] Groupe6.utilz.LangManager - Clé absente : 'app.name' pour la langue 'fr'
2026-03-26 17:29:10.687 [WARN ] Groupe6.utilz.LangManager - Clé absente : 'app.name' pour la langue 'fr'
2026-03-26 17:29:10.687 [WARN ] Groupe6.utilz.LangManager - Clé absente : 'app.name' pour la langue 'fr'
2026-03-26 17:29:10.688 [WARN ] Groupe6.utilz.LangManager - Clé absente : 'app.name' pour la langue 'fr'
2026-03-26 17:29:10.688 [WARN ] Groupe6.utilz.LangManager - Clé absente : 'app.name' pour la langue 'fr'
2026-03-26 17:29:10.688 [WARN ] Groupe6.utilz.LangManager - Clé absente : 'app.name' pour la langue 'fr'
2026-03-26 17:29:10.688 [WARN ] Groupe6.utilz.LangManager - Clé absente : 'app.name' pour la langue 'fr'
2026-03-26 17:29:10.688 [WARN ] Groupe6.utilz.LangManager - Clé absente : 'app.name' pour la langue 'fr'
2026-03-26 17:29:10.688 [WARN ] Groupe6.utilz.LangManager - Clé absente : 'app.name' pour la langue 'fr'
2026-03-26 17:29:10.688 [WARN ] Groupe6.utilz.LangManager - Clé absente : 'app.name' pour la langue 'fr'
2026-03-26 17:29:10.688 [WARN ] Groupe6.utilz.LangManager - Clé absente : 'app.name' pour la langue 'fr'
2026-03-26 17:29:10.688 [WARN ] Groupe6.utilz.LangManager - Clé absente : 'app.name' pour la langue 'fr'
2026-03-26 17:29:10.688 [WARN ] Groupe6.utilz.LangManager - Clé absente : 'app.name' pour la langue 'fr'
2026-03-26 17:29:10.688 [WARN ] Groupe6.utilz.LangManager - Clé absente : 'app.name' pour la langue 'fr'
2026-03-26 17:29:10.688 [WARN ] Groupe6.utilz.LangManager - Clé absente : 'app.name' pour la langue 'fr'
2026-03-26 17:29:10.688 [WARN ] Groupe6.utilz.LangManager - Clé absente : 'app.name' pour la langue 'fr'
2026-03-26 17:29:10.689 [WARN ] Groupe6.utilz.LangManager - Clé absente : 'app.name' pour la langue 'fr'
2026-03-26 17:29:10.689 [WARN ] Groupe6.utilz.LangManager - Clé absente : 'app.name' pour la langue 'fr'
2026-03-26 17:29:10.689 [WARN ] Groupe6.utilz.LangManager - Clé absente : 'app.name' pour la langue 'fr'
2026-03-26 17:29:10.689 [WARN ] Groupe6.utilz.LangManager - Clé absente : 'app.name' pour la langue 'fr'
2026-03-26 17:29:10.689 [WARN ] Groupe6.utilz.LangManager - Clé absente : 'app.name' pour la langue 'fr'
2026-03-26 17:29:10.689 [WARN ] Groupe6.utilz.LangManager - Clé absente : 'app.name' pour la langue 'fr'
2026-03-26 17:29:10.689 [WARN ] Groupe6.utilz.LangManager - Clé absente : 'app.name' pour la langue 'fr'
2026-03-26 17:29:10.689 [WARN ] Groupe6.utilz.LangManager - Clé absente : 'app.name' pour la langue 'fr'
2026-03-26 17:29:10.689 [WARN ] Groupe6.utilz.LangManager - Clé absente : 'app.name' pour la langue 'fr'
2026-03-26 17:29:10.689 [WARN ] Groupe6.utilz.LangManager - Clé absente : 'app.name' pour la langue 'fr'
2026-03-26 17:29:10.689 [WARN ] Groupe6.utilz.LangManager - Clé absente : 'app.name' pour la langue 'fr'
2026-03-26 17:29:10.689 [WARN ] Groupe6.utilz.LangManager - Clé absente : 'app.name' pour la langue 'fr'
2026-03-26 17:29:10.689 [WARN ] Groupe6.utilz.LangManager - Clé absente : 'app.name' pour la langue 'fr'
2026-03-26 17:29:10.689 [WARN ] Groupe6.utilz.LangManager - Clé absente : 'app.name' pour la langue 'fr'
2026-03-26 17:29:10.689 [WARN ] Groupe6.utilz.LangManager - Clé absente : 'app.name' pour la langue 'fr'
2026-03-26 17:29:10.689 [WARN ] Groupe6.utilz.LangManager - Clé absente : 'app.name' pour la langue 'fr'
2026-03-26 17:29:10.689 [WARN ] Groupe6.utilz.LangManager - Clé absente : 'app.name' pour la langue 'fr'
2026-03-26 17:29:10.689 [WARN ] Groupe6.utilz.LangManager - Clé absente : 'app.name' pour la langue 'fr'
2026-03-26 17:29:10.689 [WARN ] Groupe6.utilz.LangManager - Clé absente : 'app.name' pour la langue 'fr'
2026-03-26 17:29:10.689 [WARN ] Groupe6.utilz.LangManager - Clé absente : 'app.name' pour la langue 'fr'
2026-03-26 17:29:10.689 [WARN ] Groupe6.utilz.LangManager - Clé absente : 'app.name' pour la langue 'fr'
2026-03-26 17:29:10.689 [WARN ] Groupe6.utilz.LangManager - Clé absente : 'app.name' pour la langue 'fr'
2026-03-26 17:29:10.689 [WARN ] Groupe6.utilz.LangManager - Clé absente : 'app.name' pour la langue 'fr'
2026-03-26 17:29:10.689 [WARN ] Groupe6.utilz.LangManager - Clé absente : 'app.name' pour la langue 'fr'
2026-03-26 17:29:10.689 [WARN ] Groupe6.utilz.LangManager - Clé absente : 'app.name' pour la langue 'fr'
2026-03-26 17:29:10.689 [WARN ] Groupe6.utilz.LangManager - Clé absente : 'app.name' pour la langue 'fr'
2026-03-26 17:29:10.689 [WARN ] Groupe6.utilz.LangManager - Clé absente : 'app.name' pour la langue 'fr'
2026-03-26 17:29:10.689 [WARN ] Groupe6.utilz.LangManager - Clé absente : 'app.name' pour la langue 'fr'
2026-03-26 17:29:10.689 [WARN ] Groupe6.utilz.LangManager - Clé absente : 'app.name' pour la langue 'fr'
2026-03-26 17:29:10.689 [WARN ] Groupe6.utilz.LangManager - Clé absente : 'app.name' pour la langue 'fr'
2026-03-26 17:29:10.689 [WARN ] Groupe6.utilz.LangManager - Clé absente : 'app.name' pour la langue 'fr'
2026-03-26 17:29:10.689 [WARN ] Groupe6.utilz.LangManager - Clé absente : 'app.name' pour la langue 'fr'
2026-03-26 17:29:10.689 [WARN ] Groupe6.utilz.LangManager - Clé absente : 'app.name' pour la langue 'fr'
2026-03-26 17:29:10.689 [WARN ] Groupe6.utilz.LangManager - Clé absente : 'app.name' pour la langue 'fr'
2026-03-26 17:29:10.689 [WARN ] Groupe6.utilz.LangManager - Clé absente : 'app.name' pour la langue 'fr'
2026-03-26 17:29:10.689 [WARN ] Groupe6.utilz.LangManager - Clé absente : 'app.name' pour la langue 'fr'
2026-03-26 17:29:10.689 [WARN ] Groupe6.utilz.LangManager - Clé absente : 'app.name' pour la langue 'fr'
2026-03-26 17:29:10.690 [WARN ] Groupe6.utilz.LangManager - Clé absente : 'app.name' pour la langue 'fr'
2026-03-26 17:29:10.690 [WARN ] Groupe6.utilz.LangManager - Clé absente : 'app.name' pour la langue 'fr'
2026-03-26 17:29:10.690 [WARN ] Groupe6.utilz.LangManager - Clé absente : 'app.name' pour la langue 'fr'
2026-03-26 17:29:10.690 [WARN ] Groupe6.utilz.LangManager - Clé absente : 'app.name' pour la langue 'fr'
2026-03-26 17:29:10.690 [WARN ] Groupe6.utilz.LangManager - Clé absente : 'app.name' pour la langue 'fr'
2026-03-26 17:29:10.690 [WARN ] Groupe6.utilz.LangManager - Clé absente : 'app.name' pour la langue 'fr'
2026-03-26 17:29:10.690 [WARN ] Groupe6.utilz.LangManager - Clé absente : 'app.name' pour la langue 'fr'
2026-03-26 17:29:10.690 [WARN ] Groupe6.utilz.LangManager - Clé absente : 'app.name' pour la langue 'fr'
2026-03-26 17:29:10.690 [WARN ] Groupe6.utilz.LangManager - Clé absente : 'app.name' pour la langue 'fr'
2026-03-26 17:29:10.690 [WARN ] Groupe6.utilz.LangManager - Clé absente : 'app.name' pour la langue 'fr'
2026-03-26 17:29:10.690 [WARN ] Groupe6.utilz.LangManager - Clé absente : 'app.name' pour la langue 'fr'
2026-03-26 17:29:10.690 [WARN ] Groupe6.utilz.LangManager - Clé absente : 'app.name' pour la langue 'fr'
2026-03-26 17:29:10.690 [WARN ] Groupe6.utilz.LangManager - Clé absente : 'app.name' pour la langue 'fr'
2026-03-26 17:29:10.690 [WARN ] Groupe6.utilz.LangManager - Clé absente : 'app.name' pour la langue 'fr'
2026-03-26 17:29:10.690 [WARN ] Groupe6.utilz.LangManager - Clé absente : 'app.name' pour la langue 'fr'
2026-03-26 17:29:10.690 [WARN ] Groupe6.utilz.LangManager - Clé absente : 'app.name' pour la langue 'fr'
2026-03-26 17:29:10.690 [WARN ] Groupe6.utilz.LangManager - Clé absente : 'app.name' pour la langue 'fr'
2026-03-26 17:29:10.690 [WARN ] Groupe6.utilz.LangManager - Clé absente : 'app.name' pour la langue 'fr'
2026-03-26 17:29:10.690 [WARN ] Groupe6.utilz.LangManager - Clé absente : 'app.name' pour la langue 'fr'
2026-03-26 17:29:10.690 [WARN ] Groupe6.utilz.LangManager - Clé absente : 'app.name' pour la langue 'fr'
2026-03-26 17:29:10.690 [WARN ] Groupe6.utilz.LangManager - Clé absente : 'app.name' pour la langue 'fr'
2026-03-26 17:29:10.690 [WARN ] Groupe6.utilz.LangManager - Clé absente : 'app.name' pour la langue 'fr'
2026-03-26 17:29:10.690 [WARN ] Groupe6.utilz.LangManager - Clé absente : 'app.name' pour la langue 'fr'
2026-03-26 17:29:10.690 [WARN ] Groupe6.utilz.LangManager - Clé absente : 'app.name' pour la langue 'fr'
2026-03-26 17:29:10.690 [WARN ] Groupe6.utilz.LangManager - Clé absente : 'app.name' pour la langue 'fr'
2026-03-26 17:29:10.690 [WARN ] Groupe6.utilz.LangManager - Clé absente : 'app.name' pour la langue 'fr'
2026-03-26 17:29:10.690 [WARN ] Groupe6.utilz.LangManager - Clé absente : 'app.name' pour la langue 'fr'
2026-03-26 17:29:10.690 [WARN ] Groupe6.utilz.LangManager - Clé absente : 'app.name' pour la langue 'fr'
2026-03-26 17:29:10.690 [WARN ] Groupe6.utilz.LangManager - Clé absente : 'app.name' pour la langue 'fr'
2026-03-26 17:29:10.690 [WARN ] Groupe6.utilz.LangManager - Clé absente : 'app.name' pour la langue 'fr'
2026-03-26 17:29:10.690 [WARN ] Groupe6.utilz.LangManager - Clé absente : 'app.name' pour la langue 'fr'
2026-03-26 17:29:10.691 [WARN ] Groupe6.utilz.LangManager - Clé absente : 'app.name' pour la langue 'fr'
2026-03-26 17:29:10.691 [WARN ] Groupe6.utilz.LangManager - Clé absente : 'app.name' pour la langue 'fr'
2026-03-26 17:29:10.691 [WARN ] Groupe6.utilz.LangManager - Clé absente : 'app.name' pour la langue 'fr'
2026-03-26 17:29:10.691 [WARN ] Groupe6.utilz.LangManager - Clé absente : 'app.name' pour la langue 'fr'
2026-03-26 17:29:10.691 [WARN ] Groupe6.utilz.LangManager - Clé absente : 'app.name' pour la langue 'fr'
2026-03-26 17:29:10.691 [WARN ] Groupe6.utilz.LangManager - Clé absente : 'app.name' pour la langue 'fr'
2026-03-26 17:29:10.691 [WARN ] Groupe6.utilz.LangManager - Clé absente : 'app.name' pour la langue 'fr'
2026-03-26 17:29:10.691 [WARN ] Groupe6.utilz.LangManager - Clé absente : 'app.name' pour la langue 'fr'
2026-03-26 17:29:10.691 [WARN ] Groupe6.utilz.LangManager - Clé absente : 'app.name' pour la langue 'fr'
2026-03-26 17:29:10.691 [WARN ] Groupe6.utilz.LangManager - Clé absente : 'app.name' pour la langue 'fr'
2026-03-26 17:29:10.691 [WARN ] Groupe6.utilz.LangManager - Clé absente : 'app.name' pour la langue 'fr'
2026-03-26 17:29:10.691 [WARN ] Groupe6.utilz.LangManager - Clé absente : 'app.name' pour la langue 'fr'
2026-03-26 17:29:10.691 [WARN ] Groupe6.utilz.LangManager - Clé absente : 'app.name' pour la langue 'fr'
2026-03-26 17:29:10.691 [WARN ] Groupe6.utilz.LangManager - Clé absente : 'app.name' pour la langue 'fr'
2026-03-26 17:29:10.691 [WARN ] Groupe6.utilz.LangManager - Clé absente : 'app.name' pour la langue 'fr'
2026-03-26 17:29:10.691 [WARN ] Groupe6.utilz.LangManager - Clé absente : 'app.name' pour la langue 'fr'
2026-03-26 17:29:10.691 [WARN ] Groupe6.utilz.LangManager - Clé absente : 'app.name' pour la langue 'fr'
2026-03-26 17:29:10.691 [WARN ] Groupe6.utilz.LangManager - Clé absente : 'app.name' pour la langue 'fr'
2026-03-26 17:29:10.691 [WARN ] Groupe6.utilz.LangManager - Clé absente : 'app.name' pour la langue 'fr'
2026-03-26 17:29:10.691 [WARN ] Groupe6.utilz.LangManager - Clé absente : 'app.name' pour la langue 'fr'
2026-03-26 17:29:10.691 [WARN ] Groupe6.utilz.LangManager - Clé absente : 'app.name' pour la langue 'fr'
2026-03-26 17:29:10.691 [WARN ] Groupe6.utilz.LangManager - Clé absente : 'app.name' pour la langue 'fr'
2026-03-26 17:29:10.691 [WARN ] Groupe6.utilz.LangManager - Clé absente : 'app.name' pour la langue 'fr'
2026-03-26 17:29:10.691 [WARN ] Groupe6.utilz.LangManager - Clé absente : 'app.name' pour la langue 'fr'
2026-03-26 17:29:10.691 [WARN ] Groupe6.utilz.LangManager - Clé absente : 'app.name' pour la langue 'fr'
2026-03-26 17:29:10.691 [WARN ] Groupe6.utilz.LangManager - Clé absente : 'app.name' pour la langue 'fr'
2026-03-26 17:29:10.691 [WARN ] Groupe6.utilz.LangManager - Clé absente : 'app.name' pour la langue 'fr'
2026-03-26 17:29:10.691 [WARN ] Groupe6.utilz.LangManager - Clé absente : 'app.name' pour la langue 'fr'
2026-03-26 17:29:10.691 [WARN ] Groupe6.utilz.LangManager - Clé absente : 'app.name' pour la langue 'fr'
2026-03-26 17:29:10.691 [WARN ] Groupe6.utilz.LangManager - Clé absente : 'app.name' pour la langue 'fr'
2026-03-26 17:29:10.691 [WARN ] Groupe6.utilz.LangManager - Clé absente : 'app.name' pour la langue 'fr'
2026-03-26 17:29:10.691 [WARN ] Groupe6.utilz.LangManager - Clé absente : 'app.name' pour la langue 'fr'
2026-03-26 17:29:10.691 [WARN ] Groupe6.utilz.LangManager - Clé absente : 'app.name' pour la langue 'fr'
2026-03-26 17:29:10.691 [WARN ] Groupe6.utilz.LangManager - Clé absente : 'app.name' pour la langue 'fr'
2026-03-26 17:29:10.691 [WARN ] Groupe6.utilz.LangManager - Clé absente : 'app.name' pour la langue 'fr'
2026-03-26 17:29:10.691 [WARN ] Groupe6.utilz.LangManager - Clé absente : 'app.name' pour la langue 'fr'
2026-03-26 17:29:10.691 [WARN ] Groupe6.utilz.LangManager - Clé absente : 'app.name' pour la langue 'fr'
2026-03-26 17:29:10.691 [WARN ] Groupe6.utilz.LangManager - Clé absente : 'app.name' pour la langue 'fr'
2026-03-26 17:29:10.691 [WARN ] Groupe6.utilz.LangManager - Clé absente : 'app.name' pour la langue 'fr'
2026-03-26 17:29:10.691 [WARN ] Groupe6.utilz.LangManager - Clé absente : 'app.name' pour la langue 'fr'
2026-03-26 17:29:10.692 [WARN ] Groupe6.utilz.LangManager - Clé absente : 'app.name' pour la langue 'fr'
2026-03-26 17:29:10.692 [WARN ] Groupe6.utilz.LangManager - Clé absente : 'app.name' pour la langue 'fr'
2026-03-26 17:29:10.692 [WARN ] Groupe6.utilz.LangManager - Clé absente : 'app.name' pour la langue 'fr'
2026-03-26 17:29:10.692 [WARN ] Groupe6.utilz.LangManager - Clé absente : 'app.name' pour la langue 'fr'
2026-03-26 17:29:10.692 [WARN ] Groupe6.utilz.LangManager - Clé absente : 'app.name' pour la langue 'fr'
2026-03-26 17:29:10.692 [WARN ] Groupe6.utilz.LangManager - Clé absente : 'app.name' pour la langue 'fr'
2026-03-26 17:29:10.692 [WARN ] Groupe6.utilz.LangManager - Clé absente : 'app.name' pour la langue 'fr'
2026-03-26 17:29:10.692 [WARN ] Groupe6.utilz.LangManager - Clé absente : 'app.name' pour la langue 'fr'
2026-03-26 17:29:10.692 [WARN ] Groupe6.utilz.LangManager - Clé absente : 'app.name' pour la langue 'fr'
2026-03-26 17:29:10.692 [WARN ] Groupe6.utilz.LangManager - Clé absente : 'app.name' pour la langue 'fr'
2026-03-26 17:29:10.692 [WARN ] Groupe6.utilz.LangManager - Clé absente : 'app.name' pour la langue 'fr'
2026-03-26 17:29:10.692 [WARN ] Groupe6.utilz.LangManager - Clé absente : 'app.name' pour la langue 'fr'
2026-03-26 17:29:10.692 [WARN ] Groupe6.utilz.LangManager - Clé absente : 'app.name' pour la langue 'fr'
2026-03-26 17:29:10.692 [WARN ] Groupe6.utilz.LangManager - Clé absente : 'app.name' pour la langue 'fr'
2026-03-26 17:29:10.692 [WARN ] Groupe6.utilz.LangManager - Clé absente : 'app.name' pour la langue 'fr'
2026-03-26 17:29:10.692 [WARN ] Groupe6.utilz.LangManager - Clé absente : 'app.name' pour la langue 'fr'
2026-03-26 17:29:10.692 [WARN ] Groupe6.utilz.LangManager - Clé absente : 'app.name' pour la langue 'fr'
2026-03-26 17:29:10.692 [WARN ] Groupe6.utilz.LangManager - Clé absente : 'app.name' pour la langue 'fr'
2026-03-26 17:29:10.692 [WARN ] Groupe6.utilz.LangManager - Clé absente : 'app.name' pour la langue 'fr'
2026-03-26 17:29:10.692 [WARN ] Groupe6.utilz.LangManager - Clé absente : 'app.name' pour la langue 'fr'
2026-03-26 17:29:10.692 [WARN ] Groupe6.utilz.LangManager - Clé absente : 'app.name' pour la langue 'fr'
2026-03-26 17:29:10.692 [WARN ] Groupe6.utilz.LangManager - Clé absente : 'app.name' pour la langue 'fr'
2026-03-26 17:29:10.692 [WARN ] Groupe6.utilz.LangManager - Clé absente : 'app.name' pour la langue 'fr'
2026-03-26 17:29:10.692 [WARN ] Groupe6.utilz.LangManager - Clé absente : 'app.name' pour la langue 'fr'
2026-03-26 17:29:10.692 [WARN ] Groupe6.utilz.LangManager - Clé absente : 'app.name' pour la langue 'fr'
2026-03-26 17:29:10.692 [WARN ] Groupe6.utilz.LangManager - Clé absente : 'app.name' pour la langue 'fr'
2026-03-26 17:29:10.692 [WARN ] Groupe6.utilz.LangManager - Clé absente : 'app.name' pour la langue 'fr'
2026-03-26 17:29:10.692 [WARN ] Groupe6.utilz.LangManager - Clé absente : 'app.name' pour la langue 'fr'
2026-03-26 17:29:10.692 [WARN ] Groupe6.utilz.LangManager - Clé absente : 'app.name' pour la langue 'fr'
2026-03-26 17:29:10.692 [WARN ] Groupe6.utilz.LangManager - Clé absente : 'app.name' pour la langue 'fr'
2026-03-26 17:29:10.692 [WARN ] Groupe6.utilz.LangManager - Clé absente : 'app.name' pour la langue 'fr'
2026-03-26 17:29:10.692 [WARN ] Groupe6.utilz.LangManager - Clé absente : 'app.name' pour la langue 'fr'
2026-03-26 17:29:10.692 [WARN ] Groupe6.utilz.LangManager - Clé absente : 'app.name' pour la langue 'fr'
2026-03-26 17:29:10.692 [WARN ] Groupe6.utilz.LangManager - Clé absente : 'app.name' pour la langue 'fr'
2026-03-26 17:29:10.692 [WARN ] Groupe6.utilz.LangManager - Clé absente : 'app.name' pour la langue 'fr'
2026-03-26 17:29:10.692 [WARN ] Groupe6.utilz.LangManager - Clé absente : 'app.name' pour la langue 'fr'
2026-03-26 17:29:10.692 [WARN ] Groupe6.utilz.LangManager - Clé absente : 'app.name' pour la langue 'fr'
2026-03-26 17:29:10.692 [WARN ] Groupe6.utilz.LangManager - Clé absente : 'app.name' pour la langue 'fr'
2026-03-26 17:29:10.692 [WARN ] Groupe6.utilz.LangManager - Clé absente : 'app.name' pour la langue 'fr'
2026-03-26 17:29:10.692 [WARN ] Groupe6.utilz.LangManager - Clé absente : 'app.name' pour la langue 'fr'
2026-03-26 17:29:10.692 [WARN ] Groupe6.utilz.LangManager - Clé absente : 'app.name' pour la langue 'fr'
2026-03-26 17:29:10.692 [WARN ] Groupe6.utilz.LangManager - Clé absente : 'app.name' pour la langue 'fr'
2026-03-26 17:29:10.692 [WARN ] Groupe6.utilz.LangManager - Clé absente : 'app.name' pour la langue 'fr'
2026-03-26 17:29:10.692 [WARN ] Groupe6.utilz.LangManager - Clé absente : 'app.name' pour la langue 'fr'
2026-03-26 17:29:10.692 [WARN ] Groupe6.utilz.LangManager - Clé absente : 'app.name' pour la langue 'fr'
2026-03-26 17:29:10.692 [WARN ] Groupe6.utilz.LangManager - Clé absente : 'app.name' pour la langue 'fr'
2026-03-26 17:29:10.693 [WARN ] Groupe6.utilz.LangManager - Clé absente : 'app.name' pour la langue 'fr'
2026-03-26 17:29:10.693 [WARN ] Groupe6.utilz.LangManager - Clé absente : 'app.name' pour la langue 'fr'
2026-03-26 17:29:10.693 [WARN ] Groupe6.utilz.LangManager - Clé absente : 'app.name' pour la langue 'fr'
2026-03-26 17:29:10.693 [WARN ] Groupe6.utilz.LangManager - Clé absente : 'app.name' pour la langue 'fr'
2026-03-26 17:29:10.693 [WARN ] Groupe6.utilz.LangManager - Clé absente : 'app.name' pour la langue 'fr'
2026-03-26 17:29:10.693 [WARN ] Groupe6.utilz.LangManager - Clé absente : 'app.name' pour la langue 'fr'
2026-03-26 17:29:10.693 [WARN ] Groupe6.utilz.LangManager - Clé absente : 'app.name' pour la langue 'fr'
2026-03-26 17:29:10.693 [WARN ] Groupe6.utilz.LangManager - Clé absente : 'app.name' pour la langue 'fr'
2026-03-26 17:29:10.693 [WARN ] Groupe6.utilz.LangManager - Clé absente : 'app.name' pour la langue 'fr'
2026-03-26 17:29:10.693 [WARN ] Groupe6.utilz.LangManager - Clé absente : 'app.name' pour la langue 'fr'
2026-03-26 17:29:10.693 [WARN ] Groupe6.utilz.LangManager - Clé absente : 'app.name' pour la langue 'fr'
2026-03-26 17:29:10.693 [WARN ] Groupe6.utilz.LangManager - Clé absente : 'app.name' pour la langue 'fr'
2026-03-26 17:29:10.693 [WARN ] Groupe6.utilz.LangManager - Clé absente : 'app.name' pour la langue 'fr'
2026-03-26 17:29:10.693 [WARN ] Groupe6.utilz.LangManager - Clé absente : 'app.name' pour la langue 'fr'
2026-03-26 17:29:10.693 [WARN ] Groupe6.utilz.LangManager - Clé absente : 'app.name' pour la langue 'fr'
2026-03-26 17:29:10.693 [WARN ] Groupe6.utilz.LangManager - Clé absente : 'app.name' pour la langue 'fr'
2026-03-26 17:29:10.693 [WARN ] Groupe6.utilz.LangManager - Clé absente : 'app.name' pour la langue 'fr'
2026-03-26 17:29:10.693 [WARN ] Groupe6.utilz.LangManager - Clé absente : 'app.name' pour la langue 'fr'
2026-03-26 17:29:10.693 [WARN ] Groupe6.utilz.LangManager - Clé absente : 'app.name' pour la langue 'fr'
2026-03-26 17:29:10.693 [WARN ] Groupe6.utilz.LangManager - Clé absente : 'app.name' pour la langue 'fr'
2026-03-26 17:29:10.693 [WARN ] Groupe6.utilz.LangManager - Clé absente : 'app.name' pour la langue 'fr'
2026-03-26 17:29:10.693 [WARN ] Groupe6.utilz.LangManager - Clé absente : 'app.name' pour la langue 'fr'
2026-03-26 17:29:10.693 [WARN ] Groupe6.utilz.LangManager - Clé absente : 'app.name' pour la langue 'fr'
2026-03-26 17:29:10.693 [WARN ] Groupe6.utilz.LangManager - Clé absente : 'app.name' pour la langue 'fr'
2026-03-26 17:29:10.693 [WARN ] Groupe6.utilz.LangManager - Clé absente : 'app.name' pour la langue 'fr'
2026-03-26 17:29:10.693 [WARN ] Groupe6.utilz.LangManager - Clé absente : 'app.name' pour la langue 'fr'
2026-03-26 17:29:10.693 [WARN ] Groupe6.utilz.LangManager - Clé absente : 'app.name' pour la langue 'fr'
2026-03-26 17:29:10.693 [WARN ] Groupe6.utilz.LangManager - Clé absente : 'app.name' pour la langue 'fr'
2026-03-26 17:29:10.693 [WARN ] Groupe6.utilz.LangManager - Clé absente : 'app.name' pour la langue 'fr'
2026-03-26 17:29:10.693 [WARN ] Groupe6.utilz.LangManager - Clé absente : 'app.name' pour la langue 'fr'
2026-03-26 17:29:10.693 [WARN ] Groupe6.utilz.LangManager - Clé absente : 'app.name' pour la langue 'fr'
2026-03-26 17:29:10.693 [WARN ] Groupe6.utilz.LangManager - Clé absente : 'app.name' pour la langue 'fr'
2026-03-26 17:29:10.693 [WARN ] Groupe6.utilz.LangManager - Clé absente : 'app.name' pour la langue 'fr'
2026-03-26 17:29:10.693 [WARN ] Groupe6.utilz.LangManager - Clé absente : 'app.name' pour la langue 'fr'
2026-03-26 17:29:10.693 [WARN ] Groupe6.utilz.LangManager - Clé absente : 'app.name' pour la langue 'fr'
2026-03-26 17:29:10.693 [WARN ] Groupe6.utilz.LangManager - Clé absente : 'app.name' pour la langue 'fr'
2026-03-26 17:29:10.693 [WARN ] Groupe6.utilz.LangManager - Clé absente : 'app.name' pour la langue 'fr'
2026-03-26 17:29:10.693 [WARN ] Groupe6.utilz.LangManager - Clé absente : 'app.name' pour la langue 'fr'
2026-03-26 17:29:10.693 [WARN ] Groupe6.utilz.LangManager - Clé absente : 'app.name' pour la langue 'fr'
2026-03-26 17:29:10.693 [WARN ] Groupe6.utilz.LangManager - Clé absente : 'app.name' pour la langue 'fr'
2026-03-26 17:29:10.693 [WARN ] Groupe6.utilz.LangManager - Clé absente : 'app.name' pour la langue 'fr'
2026-03-26 17:29:10.693 [WARN ] Groupe6.utilz.LangManager - Clé absente : 'app.name' pour la langue 'fr'
2026-03-26 17:29:10.693 [WARN ] Groupe6.utilz.LangManager - Clé absente : 'app.name' pour la langue 'fr'
2026-03-26 17:29:10.693 [WARN ] Groupe6.utilz.LangManager - Clé absente : 'app.name' pour la langue 'fr'
2026-03-26 17:29:10.693 [WARN ] Groupe6.utilz.LangManager - Clé absente : 'app.name' pour la langue 'fr'
2026-03-26 17:29:10.693 [WARN ] Groupe6.utilz.LangManager - Clé absente : 'app.name' pour la langue 'fr'
2026-03-26 17:29:10.693 [WARN ] Groupe6.utilz.LangManager - Clé absente : 'app.name' pour la langue 'fr'
2026-03-26 17:29:10.693 [WARN ] Groupe6.utilz.LangManager - Clé absente : 'app.name' pour la langue 'fr'
2026-03-26 17:29:10.694 [WARN ] Groupe6.utilz.LangManager - Clé absente : 'app.name' pour la langue 'fr'
2026-03-26 17:29:10.694 [WARN ] Groupe6.utilz.LangManager - Clé absente : 'app.name' pour la langue 'fr'
2026-03-26 17:29:10.694 [WARN ] Groupe6.utilz.LangManager - Clé absente : 'app.name' pour la langue 'fr'
2026-03-26 17:29:10.694 [WARN ] Groupe6.utilz.LangManager - Clé absente : 'app.name' pour la langue 'fr'
2026-03-26 17:29:10.694 [WARN ] Groupe6.utilz.LangManager - Clé absente : 'app.name' pour la langue 'fr'
2026-03-26 17:29:10.694 [WARN ] Groupe6.utilz.LangManager - Clé absente : 'app.name' pour la langue 'fr'
2026-03-26 17:29:10.694 [WARN ] Groupe6.utilz.LangManager - Clé absente : 'app.name' pour la langue 'fr'
2026-03-26 17:29:10.694 [WARN ] Groupe6.utilz.LangManager - Clé absente : 'app.name' pour la langue 'fr'
2026-03-26 17:29:10.694 [WARN ] Groupe6.utilz.LangManager - Clé absente : 'app.name' pour la langue 'fr'
2026-03-26 17:29:10.694 [WARN ] Groupe6.utilz.LangManager - Clé absente : 'app.name' pour la langue 'fr'
2026-03-26 17:29:10.694 [WARN ] Groupe6.utilz.LangManager - Clé absente : 'app.name' pour la langue 'fr'
2026-03-26 17:29:10.694 [WARN ] Groupe6.utilz.LangManager - Clé absente : 'app.name' pour la langue 'fr'
2026-03-26 17:29:10.694 [WARN ] Groupe6.utilz.LangManager - Clé absente : 'app.name' pour la langue 'fr'
2026-03-26 17:29:10.694 [WARN ] Groupe6.utilz.LangManager - Clé absente : 'app.name' pour la langue 'fr'
2026-03-26 17:29:10.694 [WARN ] Groupe6.utilz.LangManager - Clé absente : 'app.name' pour la langue 'fr'
2026-03-26 17:29:10.694 [WARN ] Groupe6.utilz.LangManager - Clé absente : 'app.name' pour la langue 'fr'
2026-03-26 17:29:10.694 [WARN ] Groupe6.utilz.LangManager - Clé absente : 'app.name' pour la langue 'fr'
2026-03-26 17:29:10.694 [WARN ] Groupe6.utilz.LangManager - Clé absente : 'app.name' pour la langue 'fr'
2026-03-26 17:29:10.694 [WARN ] Groupe6.utilz.LangManager - Clé absente : 'app.name' pour la langue 'fr'
2026-03-26 17:29:10.694 [WARN ] Groupe6.utilz.LangManager - Clé absente : 'app.name' pour la langue 'fr'
2026-03-26 17:29:10.694 [WARN ] Groupe6.utilz.LangManager - Clé absente : 'app.name' pour la langue 'fr'
2026-03-26 17:29:10.694 [WARN ] Groupe6.utilz.LangManager - Clé absente : 'app.name' pour la langue 'fr'
2026-03-26 17:29:10.694 [WARN ] Groupe6.utilz.LangManager - Clé absente : 'app.name' pour la langue 'fr'
2026-03-26 17:29:10.694 [WARN ] Groupe6.utilz.LangManager - Clé absente : 'app.name' pour la langue 'fr'
2026-03-26 17:29:10.694 [WARN ] Groupe6.utilz.LangManager - Clé absente : 'app.name' pour la langue 'fr'
2026-03-26 17:29:10.694 [WARN ] Groupe6.utilz.LangManager - Clé absente : 'app.name' pour la langue 'fr'
2026-03-26 17:29:10.694 [WARN ] Groupe6.utilz.LangManager - Clé absente : 'app.name' pour la langue 'fr'
2026-03-26 17:29:10.694 [WARN ] Groupe6.utilz.LangManager - Clé absente : 'app.name' pour la langue 'fr'
2026-03-26 17:29:10.694 [WARN ] Groupe6.utilz.LangManager - Clé absente : 'app.name' pour la langue 'fr'
2026-03-26 17:29:10.694 [WARN ] Groupe6.utilz.LangManager - Clé absente : 'app.name' pour la langue 'fr'
2026-03-26 17:29:10.694 [WARN ] Groupe6.utilz.LangManager - Clé absente : 'app.name' pour la langue 'fr'
2026-03-26 17:29:10.694 [WARN ] Groupe6.utilz.LangManager - Clé absente : 'app.name' pour la langue 'fr'
2026-03-26 17:29:10.694 [WARN ] Groupe6.utilz.LangManager - Clé absente : 'app.name' pour la langue 'fr'
2026-03-26 17:29:10.694 [WARN ] Groupe6.utilz.LangManager - Clé absente : 'app.name' pour la langue 'fr'
2026-03-26 17:29:10.694 [WARN ] Groupe6.utilz.LangManager - Clé absente : 'app.name' pour la langue 'fr'
2026-03-26 17:29:10.694 [WARN ] Groupe6.utilz.LangManager - Clé absente : 'app.name' pour la langue 'fr'
2026-03-26 17:29:10.694 [WARN ] Groupe6.utilz.LangManager - Clé absente : 'app.name' pour la langue 'fr'
2026-03-26 17:29:10.694 [WARN ] Groupe6.utilz.LangManager - Clé absente : 'app.name' pour la langue 'fr'
2026-03-26 17:29:10.694 [WARN ] Groupe6.utilz.LangManager - Clé absente : 'app.name' pour la langue 'fr'
2026-03-26 17:29:10.694 [WARN ] Groupe6.utilz.LangManager - Clé absente : 'app.name' pour la langue 'fr'
2026-03-26 17:29:10.694 [WARN ] Groupe6.utilz.LangManager - Clé absente : 'app.name' pour la langue 'fr'
2026-03-26 17:29:10.694 [WARN ] Groupe6.utilz.LangManager - Clé absente : 'app.name' pour la langue 'fr'
2026-03-26 17:29:10.694 [WARN ] Groupe6.utilz.LangManager - Clé absente : 'app.name' pour la langue 'fr'
2026-03-26 17:29:10.694 [WARN ] Groupe6.utilz.LangManager - Clé absente : 'app.name' pour la langue 'fr'
2026-03-26 17:29:10.694 [WARN ] Groupe6.utilz.LangManager - Clé absente : 'app.name' pour la langue 'fr'
2026-03-26 17:29:10.694 [WARN ] Groupe6.utilz.LangManager - Clé absente : 'app.name' pour la langue 'fr'
2026-03-26 17:29:10.694 [WARN ] Groupe6.utilz.LangManager - Clé absente : 'app.name' pour la langue 'fr'
2026-03-26 17:29:10.694 [WARN ] Groupe6.utilz.LangManager - Clé absente : 'app.name' pour la langue 'fr'
2026-03-26 17:29:10.694 [WARN ] Groupe6.utilz.LangManager - Clé absente : 'app.name' pour la langue 'fr'
2026-03-26 17:29:10.694 [WARN ] Groupe6.utilz.LangManager - Clé absente : 'app.name' pour la langue 'fr'
2026-03-26 17:29:10.694 [WARN ] Groupe6.utilz.LangManager - Clé absente : 'app.name' pour la langue 'fr'
2026-03-26 17:29:10.694 [WARN ] Groupe6.utilz.LangManager - Clé absente : 'app.name' pour la langue 'fr'
2026-03-26 17:29:10.695 [WARN ] Groupe6.utilz.LangManager - Clé absente : 'app.name' pour la langue 'fr'
2026-03-26 17:29:10.695 [WARN ] Groupe6.utilz.LangManager - Clé absente : 'app.name' pour la langue 'fr'
2026-03-26 17:29:10.695 [WARN ] Groupe6.utilz.LangManager - Clé absente : 'app.name' pour la langue 'fr'
2026-03-26 17:29:10.695 [WARN ] Groupe6.utilz.LangManager - Clé absente : 'app.name' pour la langue 'fr'
2026-03-26 17:29:10.695 [WARN ] Groupe6.utilz.LangManager - Clé absente : 'app.name' pour la langue 'fr'
2026-03-26 17:29:10.695 [WARN ] Groupe6.utilz.LangManager - Clé absente : 'app.name' pour la langue 'fr'
2026-03-26 17:29:10.695 [WARN ] Groupe6.utilz.LangManager - Clé absente : 'app.name' pour la langue 'fr'
2026-03-26 17:29:10.695 [WARN ] Groupe6.utilz.LangManager - Clé absente : 'app.name' pour la langue 'fr'
2026-03-26 17:29:10.695 [WARN ] Groupe6.utilz.LangManager - Clé absente : 'app.name' pour la langue 'fr'
2026-03-26 17:29:10.695 [WARN ] Groupe6.utilz.LangManager - Clé absente : 'app.name' pour la langue 'fr'
2026-03-26 17:29:10.695 [WARN ] Groupe6.utilz.LangManager - Clé absente : 'app.name' pour la langue 'fr'
2026-03-26 17:29:10.695 [WARN ] Groupe6.utilz.LangManager - Clé absente : 'app.name' pour la langue 'fr'
2026-03-26 17:29:10.695 [WARN ] Groupe6.utilz.LangManager - Clé absente : 'app.name' pour la langue 'fr'
2026-03-26 17:29:10.695 [WARN ] Groupe6.utilz.LangManager - Clé absente : 'app.name' pour la langue 'fr'
2026-03-26 17:29:10.695 [WARN ] Groupe6.utilz.LangManager - Clé absente : 'app.name' pour la langue 'fr'
2026-03-26 17:29:10.695 [WARN ] Groupe6.utilz.LangManager - Clé absente : 'app.name' pour la langue 'fr'
2026-03-26 17:29:10.695 [WARN ] Groupe6.utilz.LangManager - Clé absente : 'app.name' pour la langue 'fr'
2026-03-26 17:29:10.695 [WARN ] Groupe6.utilz.LangManager - Clé absente : 'app.name' pour la langue 'fr'
2026-03-26 17:29:10.695 [WARN ] Groupe6.utilz.LangManager - Clé absente : 'app.name' pour la langue 'fr'
2026-03-26 17:29:10.695 [WARN ] Groupe6.utilz.LangManager - Clé absente : 'app.name' pour la langue 'fr'
2026-03-26 17:29:10.695 [WARN ] Groupe6.utilz.LangManager - Clé absente : 'app.name' pour la langue 'fr'
2026-03-26 17:29:10.695 [WARN ] Groupe6.utilz.LangManager - Clé absente : 'app.name' pour la langue 'fr'
2026-03-26 17:29:10.695 [WARN ] Groupe6.utilz.LangManager - Clé absente : 'app.name' pour la langue 'fr'
2026-03-26 17:29:10.695 [WARN ] Groupe6.utilz.LangManager - Clé absente : 'app.name' pour la langue 'fr'
2026-03-26 17:29:10.695 [WARN ] Groupe6.utilz.LangManager - Clé absente : 'app.name' pour la langue 'fr'
2026-03-26 17:29:10.695 [WARN ] Groupe6.utilz.LangManager - Clé absente : 'app.name' pour la langue 'fr'
2026-03-26 17:29:10.695 [WARN ] Groupe6.utilz.LangManager - Clé absente : 'app.name' pour la langue 'fr'
2026-03-26 17:29:10.695 [WARN ] Groupe6.utilz.LangManager - Clé absente : 'app.name' pour la langue 'fr'
2026-03-26 17:29:10.695 [WARN ] Groupe6.utilz.LangManager - Clé absente : 'app.name' pour la langue 'fr'
2026-03-26 17:29:10.695 [WARN ] Groupe6.utilz.LangManager - Clé absente : 'app.name' pour la langue 'fr'
2026-03-26 17:29:10.695 [WARN ] Groupe6.utilz.LangManager - Clé absente : 'app.name' pour la langue 'fr'
2026-03-26 17:29:10.695 [WARN ] Groupe6.utilz.LangManager - Clé absente : 'app.name' pour la langue 'fr'
2026-03-26 17:29:10.695 [WARN ] Groupe6.utilz.LangManager - Clé absente : 'app.name' pour la langue 'fr'
2026-03-26 17:29:10.695 [WARN ] Groupe6.utilz.LangManager - Clé absente : 'app.name' pour la langue 'fr'
2026-03-26 17:29:10.695 [WARN ] Groupe6.utilz.LangManager - Clé absente : 'app.name' pour la langue 'fr'
2026-03-26 17:29:10.695 [WARN ] Groupe6.utilz.LangManager - Clé absente : 'app.name' pour la langue 'fr'
2026-03-26 17:29:10.695 [WARN ] Groupe6.utilz.LangManager - Clé absente : 'app.name' pour la langue 'fr'
2026-03-26 17:29:10.695 [WARN ] Groupe6.utilz.LangManager - Clé absente : 'app.name' pour la langue 'fr'
2026-03-26 17:29:10.695 [WARN ] Groupe6.utilz.LangManager - Clé absente : 'app.name' pour la langue 'fr'
2026-03-26 17:29:10.695 [WARN ] Groupe6.utilz.LangManager - Clé absente : 'app.name' pour la langue 'fr'
2026-03-26 17:29:10.695 [WARN ] Groupe6.utilz.LangManager - Clé absente : 'app.name' pour la langue 'fr'
2026-03-26 17:29:10.695 [WARN ] Groupe6.utilz.LangManager - Clé absente : 'app.name' pour la langue 'fr'
2026-03-26 17:29:10.695 [WARN ] Groupe6.utilz.LangManager - Clé absente : 'app.name' pour la langue 'fr'
2026-03-26 17:29:10.695 [WARN ] Groupe6.utilz.LangManager - Clé absente : 'app.name' pour la langue 'fr'
2026-03-26 17:29:10.695 [WARN ] Groupe6.utilz.LangManager - Clé absente : 'app.name' pour la langue 'fr'
2026-03-26 17:29:10.695 [WARN ] Groupe6.utilz.LangManager - Clé absente : 'app.name' pour la langue 'fr'
2026-03-26 17:29:10.695 [WARN ] Groupe6.utilz.LangManager - Clé absente : 'app.name' pour la langue 'fr'
2026-03-26 17:29:10.695 [WARN ] Groupe6.utilz.LangManager - Clé absente : 'app.name' pour la langue 'fr'
2026-03-26 17:29:10.695 [WARN ] Groupe6.utilz.LangManager - Clé absente : 'app.name' pour la langue 'fr'
2026-03-26 17:29:10.695 [WARN ] Groupe6.utilz.LangManager - Clé absente : 'app.name' pour la langue 'fr'
2026-03-26 17:29:10.695 [WARN ] Groupe6.utilz.LangManager - Clé absente : 'app.name' pour la langue 'fr'
2026-03-26 17:29:10.695 [WARN ] Groupe6.utilz.LangManager - Clé absente : 'app.name' pour la langue 'fr'
2026-03-26 17:29:10.696 [WARN ] Groupe6.utilz.LangManager - Clé absente : 'app.name' pour la langue 'fr'
2026-03-26 17:29:10.696 [WARN ] Groupe6.utilz.LangManager - Clé absente : 'app.name' pour la langue 'fr'
2026-03-26 17:29:10.696 [WARN ] Groupe6.utilz.LangManager - Clé absente : 'app.name' pour la langue 'fr'
2026-03-26 17:29:10.696 [WARN ] Groupe6.utilz.LangManager - Clé absente : 'app.name' pour la langue 'fr'
2026-03-26 17:29:10.696 [WARN ] Groupe6.utilz.LangManager - Clé absente : 'app.name' pour la langue 'fr'
2026-03-26 17:29:10.696 [WARN ] Groupe6.utilz.LangManager - Clé absente : 'app.name' pour la langue 'fr'
2026-03-26 17:29:10.696 [WARN ] Groupe6.utilz.LangManager - Clé absente : 'app.name' pour la langue 'fr'
2026-03-26 17:29:10.696 [WARN ] Groupe6.utilz.LangManager - Clé absente : 'app.name' pour la langue 'fr'
2026-03-26 17:29:10.696 [WARN ] Groupe6.utilz.LangManager - Clé absente : 'app.name' pour la langue 'fr'
2026-03-26 17:29:10.696 [WARN ] Groupe6.utilz.LangManager - Clé absente : 'app.name' pour la langue 'fr'
2026-03-26 17:29:10.696 [WARN ] Groupe6.utilz.LangManager - Clé absente : 'app.name' pour la langue 'fr'
2026-03-26 17:29:10.696 [WARN ] Groupe6.utilz.LangManager - Clé absente : 'app.name' pour la langue 'fr'
2026-03-26 17:29:10.696 [WARN ] Groupe6.utilz.LangManager - Clé absente : 'app.name' pour la langue 'fr'
2026-03-26 17:29:10.696 [WARN ] Groupe6.utilz.LangManager - Clé absente : 'app.name' pour la langue 'fr'
2026-03-26 17:29:10.696 [WARN ] Groupe6.utilz.LangManager - Clé absente : 'app.name' pour la langue 'fr'
2026-03-26 17:29:10.696 [WARN ] Groupe6.utilz.LangManager - Clé absente : 'app.name' pour la langue 'fr'
2026-03-26 17:29:10.696 [WARN ] Groupe6.utilz.LangManager - Clé absente : 'app.name' pour la langue 'fr'
2026-03-26 17:29:10.696 [WARN ] Groupe6.utilz.LangManager - Clé absente : 'app.name' pour la langue 'fr'
2026-03-26 17:29:10.696 [WARN ] Groupe6.utilz.LangManager - Clé absente : 'app.name' pour la langue 'fr'
2026-03-26 17:29:10.696 [WARN ] Groupe6.utilz.LangManager - Clé absente : 'app.name' pour la langue 'fr'
2026-03-26 17:29:10.696 [WARN ] Groupe6.utilz.LangManager - Clé absente : 'app.name' pour la langue 'fr'
2026-03-26 17:29:10.696 [WARN ] Groupe6.utilz.LangManager - Clé absente : 'app.name' pour la langue 'fr'
2026-03-26 17:29:10.696 [WARN ] Groupe6.utilz.LangManager - Clé absente : 'app.name' pour la langue 'fr'
2026-03-26 17:29:10.696 [WARN ] Groupe6.utilz.LangManager - Clé absente : 'app.name' pour la langue 'fr'
2026-03-26 17:29:10.696 [WARN ] Groupe6.utilz.LangManager - Clé absente : 'app.name' pour la langue 'fr'
2026-03-26 17:29:10.696 [WARN ] Groupe6.utilz.LangManager - Clé absente : 'app.name' pour la langue 'fr'
2026-03-26 17:29:10.696 [WARN ] Groupe6.utilz.LangManager - Clé absente : 'app.name' pour la langue 'fr'
2026-03-26 17:29:10.696 [WARN ] Groupe6.utilz.LangManager - Clé absente : 'app.name' pour la langue 'fr'
2026-03-26 17:29:10.696 [WARN ] Groupe6.utilz.LangManager - Clé absente : 'app.name' pour la langue 'fr'
2026-03-26 17:29:10.696 [WARN ] Groupe6.utilz.LangManager - Clé absente : 'app.name' pour la langue 'fr'
2026-03-26 17:29:10.696 [WARN ] Groupe6.utilz.LangManager - Clé absente : 'app.name' pour la langue 'fr'
2026-03-26 17:29:10.696 [WARN ] Groupe6.utilz.LangManager - Clé absente : 'app.name' pour la langue 'fr'
2026-03-26 17:29:10.696 [WARN ] Groupe6.utilz.LangManager - Clé absente : 'app.name' pour la langue 'fr'
2026-03-26 17:29:10.696 [WARN ] Groupe6.utilz.LangManager - Clé absente : 'app.name' pour la langue 'fr'
2026-03-26 17:29:10.696 [WARN ] Groupe6.utilz.LangManager - Clé absente : 'app.name' pour la langue 'fr'
2026-03-26 17:29:10.696 [WARN ] Groupe6.utilz.LangManager - Clé absente : 'app.name' pour la langue 'fr'
2026-03-26 17:29:10.696 [WARN ] Groupe6.utilz.LangManager - Clé absente : 'app.name' pour la langue 'fr'
2026-03-26 17:29:10.696 [WARN ] Groupe6.utilz.LangManager - Clé absente : 'app.name' pour la langue 'fr'
2026-03-26 17:29:10.696 [WARN ] Groupe6.utilz.LangManager - Clé absente : 'app.name' pour la langue 'fr'
2026-03-26 17:29:10.696 [WARN ] Groupe6.utilz.LangManager - Clé absente : 'app.name' pour la langue 'fr'
2026-03-26 17:29:10.696 [WARN ] Groupe6.utilz.LangManager - Clé absente : 'app.name' pour la langue 'fr'
2026-03-26 17:29:10.696 [WARN ] Groupe6.utilz.LangManager - Clé absente : 'app.name' pour la langue 'fr'
2026-03-26 17:29:10.696 [WARN ] Groupe6.utilz.LangManager - Clé absente : 'app.name' pour la langue 'fr'
2026-03-26 17:29:10.696 [WARN ] Groupe6.utilz.LangManager - Clé absente : 'app.name' pour la langue 'fr'
2026-03-26 17:29:10.696 [WARN ] Groupe6.utilz.LangManager - Clé absente : 'app.name' pour la langue 'fr'
2026-03-26 17:29:10.696 [WARN ] Groupe6.utilz.LangManager - Clé absente : 'app.name' pour la langue 'fr'
2026-03-26 17:29:10.696 [WARN ] Groupe6.utilz.LangManager - Clé absente : 'app.name' pour la langue 'fr'
2026-03-26 17:29:10.696 [WARN ] Groupe6.utilz.LangManager - Clé absente : 'app.name' pour la langue 'fr'
2026-03-26 17:29:10.696 [WARN ] Groupe6.utilz.LangManager - Clé absente : 'app.name' pour la langue 'fr'
2026-03-26 17:29:10.696 [WARN ] Groupe6.utilz.LangManager - Clé absente : 'app.name' pour la langue 'fr'
2026-03-26 17:29:10.696 [WARN ] Groupe6.utilz.LangManager - Clé absente : 'app.name' pour la langue 'fr'
2026-03-26 17:29:10.696 [WARN ] Groupe6.utilz.LangManager - Clé absente : 'app.name' pour la langue 'fr'
2026-03-26 17:29:10.696 [WARN ] Groupe6.utilz.LangManager - Clé absente : 'app.name' pour la langue 'fr'
2026-03-26 17:29:10.697 [WARN ] Groupe6.utilz.LangManager - Clé absente : 'app.name' pour la langue 'fr'
2026-03-26 17:29:10.697 [WARN ] Groupe6.utilz.LangManager - Clé absente : 'app.name' pour la langue 'fr'
2026-03-26 17:29:10.697 [WARN ] Groupe6.utilz.LangManager - Clé absente : 'app.name' pour la langue 'fr'
2026-03-26 17:29:10.697 [WARN ] Groupe6.utilz.LangManager - Clé absente : 'app.name' pour la langue 'fr'
2026-03-26 17:29:10.697 [WARN ] Groupe6.utilz.LangManager - Clé absente : 'app.name' pour la langue 'fr'
2026-03-26 17:29:10.697 [WARN ] Groupe6.utilz.LangManager - Clé absente : 'app.name' pour la langue 'fr'
2026-03-26 17:29:10.697 [WARN ] Groupe6.utilz.LangManager - Clé absente : 'app.name' pour la langue 'fr'
2026-03-26 17:29:10.697 [WARN ] Groupe6.utilz.LangManager - Clé absente : 'app.name' pour la langue 'fr'
2026-03-26 17:29:10.697 [WARN ] Groupe6.utilz.LangManager - Clé absente : 'app.name' pour la langue 'fr'
2026-03-26 17:29:10.697 [WARN ] Groupe6.utilz.LangManager - Clé absente : 'app.name' pour la langue 'fr'
2026-03-26 17:29:10.697 [WARN ] Groupe6.utilz.LangManager - Clé absente : 'app.name' pour la langue 'fr'
2026-03-26 17:29:10.697 [WARN ] Groupe6.utilz.LangManager - Clé absente : 'app.name' pour la langue 'fr'
2026-03-26 17:29:10.697 [WARN ] Groupe6.utilz.LangManager - Clé absente : 'app.name' pour la langue 'fr'
2026-03-26 17:29:10.697 [WARN ] Groupe6.utilz.LangManager - Clé absente : 'app.name' pour la langue 'fr'
2026-03-26 17:29:10.697 [WARN ] Groupe6.utilz.LangManager - Clé absente : 'app.name' pour la langue 'fr'
2026-03-26 17:29:10.697 [WARN ] Groupe6.utilz.LangManager - Clé absente : 'app.name' pour la langue 'fr'
2026-03-26 17:29:10.697 [WARN ] Groupe6.utilz.LangManager - Clé absente : 'app.name' pour la langue 'fr'
2026-03-26 17:29:10.698 [WARN ] Groupe6.utilz.LangManager - Clé absente : 'app.name' pour la langue 'fr'
2026-03-26 17:29:10.698 [WARN ] Groupe6.utilz.LangManager - Clé absente : 'app.name' pour la langue 'fr'
2026-03-26 17:29:10.699 [WARN ] Groupe6.utilz.LangManager - Clé absente : 'app.name' pour la langue 'fr'
2026-03-26 17:29:10.740 [WARN ] Groupe6.utilz.LangManager - Clé absente : 'app.name' pour la langue 'fr'
2026-03-26 17:29:10.764 [ERROR] Groupe6.save.SaveManager - Fichier de niveau introuvable: /niveaux/levelInexistant123.json
